Common Name,IsExtinct,Prediction
Aardvark,0,0
Abyssinian cat,0,0
Affenpinscher,0,0
Afghan Hound,0,0
African Civet,0,0
African Palm Civet,0,0
African Wild Dog,0,0
Aidi,0,0
Ainu Dog,0,0
Airedale Terrier,0,0
Akbash,0,0
Akita,0,0
Canis lupus,0,0
Canis lupus,0,0
Canis lupus,0,0
Canis lupus,0,0
Alaskan Malamute,0,0
Canis lupus,0,0
Alpine Dachsbracke,0,0
Canis lupus,0,0
American Alsatian,0,0
American Bulldog,0,0
American Cocker Spaniel,0,0
American Coonhound,0,0
American Eskimo Dog,0,0
American Foxhound,0,0
Canis lupus,0,0
American Pit Bull Terrier,0,0
American Staffordshire Terrier,0,0
American Water Spaniel,0,0
Amur leopard,0,0
Anatolian Shepherd Dog,0,0
Appenzeller Dog,0,0
Canis lupus,0,0
Vulpes lagopus,0,0
Canus Lupus Arcticus,0,0
Paradoxurus hermaphroditus,0,0
Asiatic Black Bear,0,0
Aussiedoodle,0,0
Canis lupus,0,0
Canis lupus,0,0
Australian Cattle Dog,0,0
Australian Kelpie Dog,0,0
Canis lupus,0,0
Australian Mist,0,0
Canis lupus,0,0
Australian Shepherd,0,0
Australian Terrier,0,0
Taxidea Taxus,0,0
Balinese cat,0,0
Balkan lynx,0,0
Hemigalus Derbyanus,0,0
Canis lupus,0,0
Basenji Dog,0,0
Canis lupus,0,0
Canis lupus,0,0
Basset Hound Dog,0,0
Bavarian Mountain Hound,0,0
Bea-Tzu,0,0
Beagle Bulldog Hybrid,0,0
Canis lupus,0,0
Beagle Dog,0,0
Canis lupus,0,0
Canis lupus,0,0
Canis lupus,0,0
Ursidae,0,0
Bearded Collie,0,0
Beauceron,0,0
Bedlington Terrier,0,0
Canis lupus,0,0
Canis lupus,0,0
Panthera Tigris Tigris,0,0
Canis lupus,0,0
Bernese Mountain Dog,0,0
Canis lupus,0,0
Bichon Frise,0,0
Canis lupus,0,0
Binturong,0,0
Birman cat,0,0
Canis lupus,0,0
Black Russian Terrier,0,0
Black Footed Ferret,0,0
Bloodhound,0,0
Blue Lacy Dog,0,0
Bluetick Coonhound,0,0
Bobcat,0,0
Canis lupus,0,0
Canis lupus,0,0
Bolognese Dog,0,0
Bombay,0,0
Canis lupus,0,0
Border Collie,0,0
Border Terrier,0,0
Canis lupus,0,0
Boston Terrier,0,0
Canis lupus,0,0
Boxer Dog,0,0
Canis lupus,0,0
Canis lupus,0,0
Boykin Spaniel,0,0
Brazilian Terrier,0,0
British Timber,0,0
Canis lupus,0,0
Ursus arctos,0,0
Brown hyena,0,0
Canis lupus,0,0
Bull Terrier,0,0
Bulldog,0,0
BullMastiff,0,0
Burmese,0,0
Cairn Terrier,0,0
Canaan Dog,0,0
 Lynx,0,0
Canis lupus,0,0
Cape Lion,1,0
Caracal Caracal,0,0
Carolina Dog,0,0
Canis lupus,0,0
Canis lupus,0,0
Canis lupus,0,0
Canis lupus,0,0
Cavalier King Charles Spaniel,0,0
Cesky Fousek,0,0
Canis lupus,0,0
Felis catus,0,0
Canis lupus,0,0
Cheetah,0,0
Chesapeake Bay Retriever,0,0
Chihuahua,0,0
Chinese Crested Dog,0,0
Canis lupus,0,0
Chinook,0,0
Chipoo,0,0
Canis lupus,0,0
Canis lupus,0,0
Chow Chow,0,0
Canis lupus,0,0
Clouded Leopard,0,0
Clumber Spaniel,0,0
Nasua nasua,0,0
Canis lupus,0,0
Collie,0,0
Canis lupus,0,0
Canis lupus,0,0
Corn Rex,0,0
Canis lupus,0,0
Felis Concolor,0,0
Canis latrans,0,0
Crabeater seal,0,0
cross fox,0,0
Curly Coated Retriever,0,0
Canis lupus,0,0
Canis lupus,0,0
Dachshund,0,0
Dalmation,0,0
Canis lupus,0,0
Lycalopex fulvipes,0,0
Canis lupus,0,0
Deutsche Bracke,0,0
Devon Rex,0,0
Cuon alpinus,0,0
Canis Lupus Dingo,0,0
Doberman Pinscher,0,0
Dogo Argentino,0,0
Dogue De Bordeaux,0,0
Dorgi,0,0
Canis lupus,0,0
Doxie,0,0
Drever,0,0
Dunker,0,0
Egyptian Mau,0,0
Mirounga,0,0
English Cocker Spaniel,0,0
Canis lupus,0,0
Canis lupus,0,0
Canis lupus,0,0
Canis lupus,0,0
English Shepherd,0,0
English Springer Spaniel,0,0
Entlebucher Mountain Dog,0,0
Epagneul Pont-Audemer,0,0
Ermine,0,0
Eskimo Dog,0,0
Estrela Mountain Dog,0,0
Canis lupus,0,0
Fennec Fox,0,0
Mustela furo,0,0
Field Spaniel,0,0
Fila Brasileiro,0,0
Finnish Spitz,0,0
Fisher Cat,0,0
Fishing Cat,0,0
Flat-Coated Retriever,0,0
Florida panther,0,0
Canis lupus,0,0
Fossa,0,0
Vulpes vulpes,0,0
Fox Terrier,0,0
French Bulldog,0,0
Frenchton,0,0
Canis lupus,0,0
Arctocephalinae,0,0
"Common genet, spotted genet",0,0
Canis lupus,0,0
German Pinscher,0,0
German Shepherd,0,0
Canis lupus,0,0
Canis lupus,0,0
Canis lupus,0,0
"Giant Panda, Giant Panda Bear",0,0
Giant Schauzer,0,0
Canis lupus,0,0
Canis lupus,0,0
Canis lupus,0,0
Canis lupus,0,0
Canis lupus,0,0
Canis lupus,0,0
Golden Retriever,0,0
Canis lupus,0,0
Canis lupus,0,0
Canis lupus,0,0
Canis lupus,0,0
Gray Fox,0,0
Great Dane,0,0
Canis lupus,0,0
Great Pyrenees,0,0
Greater Swiss Mountain Dog,0,0
Greenland Dog,0,0
Halichoerus Grypus,0,0
Greyhound,0,0
Canis lupus,0,0
Ursus Arctos Horriblis,0,0
Harbor seal,0,0
Harp Seal,0,0
Harrier,0,0
Havanese,0,0
Monk seal,0,0
Himalayan,0,0
Honey Badger,0,0
Hooded seal,0,0
Canis lupus,0,0
Canis lupus,0,0
Huskita,0,0
Canis lupus,0,0
Canis lupus,0,0
Crocuta Crocuta,0,0
Ibizan Hound,0,0
Canis lupus,0,0
Panthera Tigris Corbetti,0,0
Irish Setter,0,0
Canis lupus,0,0
Canis lupus,0,0
Irish WolfHound,0,0
Italian Greyhound,0,0
Jack Russel,0,0
Canis lupus,0,0
Canis Aureus,0,0
Jaguar,0,0
Jaguarundi,0,0
Japanese Chin,0,0
Canis lupus,0,0
Canis lupus,0,0
Javanese,0,0
Canis lupus,0,0
Potos flavus,0,0
Kishu,0,0
Kodkod,0,0
Canis lupus,0,0
Canis lupus,0,0
Canis lupus,0,0
Canis lupus,0,0
Labradoodle,0,0
Labrador Retriever,0,0
Canis lupus,0,0
Canis lupus,0,0
Canis lupus,0,0
Canis lupus,0,0
Leonberger,0,0
Leopard,0,0
Prionailurus bengalensis,0,0
Hydrurga Leptonyx,0,0
Canis lupus,0,0
Liger,0,0
Lion,0,0
long-haired rottweiler,0,0
Felis lynx,0,0
Northwestern wolf,0,0
Gentle Giant,0,0
Viverra tangalunga,0,0
Panthera Tigris Jacksoni,0,0
Canis lupus,0,0
Maltese,0,0
Canis lupus,0,0
Canis lupus,0,0
Maned Wolf,0,0
Marble fox,0,0
Paguma larvata,0,0
Canis lupus,0,0
Mastiff,0,0
Canis lupus,0,0
Meerkat,0,0
Canis lupus,0,0
Canis lupus,0,0
Canis lupus,0,0
Mink,0,0
Helogale Parvula,0,0
Canis Lupus,0,0
Canis lupus,0,0
Canis lupus,0,0
Canis lupus,0,0
Felis Concolor,0,0
Neapolitan Mastiff,0,0
Felis Catus,0,0
Newfoundland,0,0
Canis lupus,0,0
Norfolk Terrier,0,0
Black Bear,0,0
Northern fur seal,0,0
Northern Inuit Dog,0,0
Canis lupus,0,0
Canis lupus,0,0
Wegie,0,0
Ocelot,0,0
Old English Sheepdog,0,0
Lutra Canadensis,0,0
Canis lupus,0,0
Panther,0,0
Papillon,0,0
Canis lupus,0,0
Canis lupus,0,0
Canis lupus,0,0
Pekingese,0,0
Canis lupus,0,0
Persian,0,0
Peruvian Inca Orchid,0,0
Petit Basset Griffon Vendéen,0,0
Canis lupus,0,0
Pine marten,0,0
Canis lupus,0,0
Canis lupus,0,0
Canis lupus,0,0
Pointer,0,0
Polar Bear,0,0
Canis lupus,0,0
Canis lupus,0,0
Canis lupus,0,0
Poodle,0,0
Canis lupus,0,0
Canis lupus,0,0
Pug,0,0
Canis lupus,0,0
Canis lupus,0,0
Puma,0,0
Canis lupus,0,0
Procyon lotor,0,0
Nyctereutes procyonoides,0,0
Felis catus,0,0
Ragdoll,0,0
Canis lupus,0,0
Rat Terrier,0,0
Red fox,0,0
Red Panda,0,0
Canis lupus rufus,0,0
Canis lupus,0,0
Canis lupus,0,0
Rottweiler,0,0
Canis lupus,0,0
Canis lupus,0,0
Russian Blue,0,0
Canis lupus,0,0
Smilodon populator,1,0
Sable,0,0
Canis lupus,0,0
Saint Bernard,0,0
Canis lupus,0,0
Canis lupus,0,0
Canis lupus,0,0
Canis lupus,0,0
Otariidae,0,0
Enhydra Lutris,0,0
Phoca vitulina,0,0
Canis lupus,0,0
Serval,0,0
Canis lupus,0,0
Canis lupus,0,0
Canis lupus,0,0
Canis lupus,0,0
Shih Tzu,0,0
Canis lupus,0,0
Siamese,0,0
Siberian Cat,0,0
Siberian Husky,0,0
Canis lupus,0,0
Panthera Tigris Altaica,0,0
Canis lupus,0,0
Canis lupus,0,0
None,0,0
Canis lupus,0,0
Canis lupus,0,0
Snorkie,0,0
Snow leopard,0,0
Snowshoe,0,0
Somali cat,0,0
Panthera Tigris Amoyensis,0,0
Canis lupus,0,0
Tremarctos Ornatus,0,0
Staffordshire Bull Terrier,0,0
Canis lupus,0,0
Mustela Erminea,0,0
Striped Hyena,0,0
Panthera Tigris Sumatrae,0,0
Sun Bear,0,0
Swedish Vallhund,0,0
Canis lupus,0,0
Canis lupus,0,0
Canis lupus,0,0
Canis lupus,0,0
Canis lupus,0,0
Tibetan fox,0,0
Tibetan Mastiff,0,0
Canis lupus,0,0
Tiffany,0,0
Panthera Tigris,0,0
Torkie,0,0
Canis lupus,0,0
Canis lupus,0,0
Canis lupus,0,0
Turkish Angora,0,0
Utonagan,0,0
vizsla,0,0
Volpino Italiano,0,0
Walrus,0,0
Weasel,0,0
Canis lupus,0,0
Welsh Corgi,0,0
Canis lupus,0,0
West Highland Terrier,0,0
Canis lupus,0,0
Whippet,0,0
White Tiger,0,0
Whoodle,0,0
Canis lupus,0,0
Canis lupus,0,0
Canis lupus,0,0
Gulo gulo,0,0
Canis lupus,0,0
Yorkie Pomeranian,0,0
Canis lupus,0,0
Canis lupus,0,0
Yorkshire Terrier,0,0
Canis lupus,0,0
Addax,0,1
Alpaca,0,0
Alpine goat,0,0
Pygmy goat,0,0
Angora goats,0,0
None,0,0
Aurochs,1,0
"Babirusa, deer-pig",0,0
Camelus Bactrianus,0,0
baleen whale,0,0
Beefalo,0,0
Bighorn Sheep,0,0
Bison Bison,0,0
Bongo,0,0
Syncerus caffer,0,0
Camel,0,0
Caribou or reindeer,0,0
Capra aegagrus hircus,0,0
Rupicapra rupicapra,0,0
Bos Taurus,0,0
Odocoileus virginiana,0,0
Dik-dik,0,1
"Elk, wapiti",0,0
Dama dama,0,0
False killer whale,0,0
Giraffe,0,1
None,0,0
Bos Taurus,0,0
Hippopotamus,0,0
Ibex,0,0
Aepyceros Melampus,0,0
key deer,0,0
Kiko goat,0,0
Kinder goat,0,0
Tragelaphus Strepsiceros,0,0
LaMancha Goat,0,0
Lama Glama,0,0
Capra falconeri,0,0
Alces alces,0,0
Muntjac,0,0
Muskox,0,0
Nigerian dwarf goat,0,0
Capra aegagrus hircus,0,0
Okapi,0,1
Pere David's Deer,1,1
Sus scrofa scrofa,0,0
Porpoise,0,0
Pronghorns,0,0
Pygmy Hippopotamus,0,0
Pygora goat,0,0
Rangifer Tarandus,0,0
Roe Deer,0,0
saanen goat,0,0
Saiga,0,0
Saola,0,1
Ovis aries,0,0
Capra aegagrus hircus,0,0
Springbok,0,0
Takin,0,0
Vaquita,0,0
Phacochoerus africanus,0,0
Bubalus bubalis,0,0
White-tail deer,0,0
Wild Boar,0,0
Connochaetes Taurinus,0,0
"Mountain bison, buffalo",0,0
Bos grunniens,0,0
Bos taurus indicus,0,0
North American short-faced bear,1,0
Mexican horse,1,0
Flat-headed peccary,1,0
Schneider's duck,1,1
Large-billed blackbird,1,0
Argentinian short-faced bear,1,1
Stag-moose,1,1
Woodland muskox,1,0
Shasta ground sloth,1,1
Giant Cape zebra,1,1
Giant pika,1,0
Giant beaver,1,0
Vero tapir,1,1
Harrington's mountain goat,1,1
Little South American horse,1,0
Woolly rhinoceros,1,1
South American palmate-antlered deer,1,0
Imber's petrel,1,1
Mascarene reed cormorant,1,1
Guadeloupe parakeet,1,1
Rodrigues petrel,1,1
Rodrigues rail,1,1
Rodrigues owl,1,1
Rodrigues starling,1,1
Rodrigues pigeon,1,1
Rodrigues night heron,1,1
Mauritius wood pigeon,1,1
Mauritius turtle dove,1,1
Réunion swamphen,1,1
Saddle-backed Mauritius giant tortoise,1,1
Domed Mauritius giant tortoise,1,1
Corynanthe brachythyrsus,1,1
Atlantic gray whale,1,1
Rodrigues parrot,1,1
Rodrigues solitaire,1,1
Steller's sea cow,1,1
Réunion ibis,1,1
Mauritius grey parrot,1,1
Raiatea parakeet,1,1
Tanna ground dove,1,1
Raiatea starling,1,1
Tongatapu rail,1,1
Moorea sandpiper,1,1
Tahiti sandpiper,1,1
Martinique amazon,1,1
Guadeloupe amazon,1,1
Tahiti crake,1,1
White swamphen,1,1
Amsterdam wigeon,1,1
Oceanic eclectus parrot,1,1
Bluebuck,1,1
Lesser bilby,1,1
Candango mouse,1,1
Viesca mud turtle,1,1
Semper's warbler,1,1
Durango shiner,1,1
Kākāwahie,1,1
Red-bellied gracile opossum,1,1
Hawaii chaff flower,1,1
Barbodes disa,1,1
South Island snipe,1,1
Lake Ontario kiyi,1,1
Goldman's yellow rail,1,1
Rio Grande bluntnose shiner,1,1
Crested shelduck,1,1
Turgid blossom,1,1
Independence Valley tui chub,1,1
Narrow catspaw,1,1
Saint Helena earwig,1,1
New Zealand greater short-tailed bat,1,1
Amistad gambusia,1,1
Bushwren,1,1
Kauaʻi ʻakialoa,1,1
Blackfin cisco,1,1
Tubercled blossom,1,1
Kouprey,1,1
African Bush Elephant,0,0
African Forest Elephant,0,0
Elephas maximus,0,0
Elephas maximus borneensis,0,0
None,0,0
Elephas maximus indicus,0,0
Elephas Maximus Maximus,0,0
Elephas Maximus Sumatranus,0,0
Mammuthus Primigenius,1,1
Long-legged llama,1,0
Glossothere,1,0
Lowland gomphothere,1,0
Darwin's mylodon,1,1
Large South American horse,1,0
Common glyptodont,1,0
Brazilian glyptodont,1,1
Stout-legged llama,1,0
giant armadillo,1,0
Narrow-headed ground sloth,1,0
Pampean giant armadillo,1,1
Yukon horse,1,1
Giant hartebeest,1,1
Dire wolf,1,0
American mastodon,1,1
Platanistoidea,0,0
Blue Whale,0,0
Tursiops Truncatus,0,0
Dusky Dolphin,0,0
Balaenoptera Physalus,0,0
Humpback whales,0,0
Orcinus orca,0,0
Minke Whale,0,0
Sei Whale,0,0
Sperm Whale,0,0
Myrmecophaga Tridactyla,0,0
Lepus Arcticus,0,0
Lepus,0,0
Ochotona Minor,0,0
Oryctolagus cuniculus,0,0
Dasypodidae,0,0
Giant armadillo,0,0
Chlamyphorus truncatus,0,0
Aye Aye,0,0
Baboon,0,0
Pan paniscus,0,0
Bornean Orang-utan,0,0
Bush baby,0,0
Chimpanzee,0,0
Saguinus Oedipus,0,0
Macaca Fascicularis,0,0
Gorilla gorilla diehli,0,1
Douc,0,0
Gorilla berengei,0,0
Gorilla Berengei Graueri,0,0
Saguinus Imperator,0,0
Saguinus Geoffroyi,0,0
Hylobatidae,0,0
Leontopithecus rosalia,0,0
None,0,0
Microcebus murinus,0,0
Alouatta,0,0
Homo Sapiens Sapiens,0,0
Indri,0,1
Japanese Macaque,0,0
Lemur Catta,0,0
Mandrillus Sphinx,0,0
Macaca Fascicularis,0,0
Gorilla Berengei Berengei,0,0
Homo Sapiens Neanderthalensis,1,0
Orang-utan,0,0
Patas Monkey,0,0
Saguinus bicolor,0,0
Proboscis Monkey,0,0
Callithrix pygmaea,0,0
Saguinus midas,0,0
Simia Paniscus,0,0
Squirrel Monkey,0,0
Sumatran Orang-utan,0,0
Tapanuli Orang-utan,0,0
Tarsier,0,0
Uakari,0,0
Vervet Monkey,0,0
Gorilla Gorilla,0,1
Gorilla gorilla gorilla,0,1
Cebus Capucinus,0,0
Lagothrix Lagotricha,0,0
Cuban spectacled owl,1,1
Malagasy shelduck,1,1
Large baboon lemur,1,1
Horned crocodile,1,1
Monkey-like sloth lemur,1,1
Forsyth Major's baboon lemur,1,1
Small O'ahu crake,1,1
Hildebrandt's elephant bird,1,1
Cayman Islands geocapromys,1,1
Cayman Islands nesophontes,1,1
Malagasy dwarf hippopotamus,1,1
Lesser elephant bird,1,1
Malagasy pygmy hippopotamus,1,1
Huahine starling,1,1
Huahine gull,1,1
Huahine rail,1,1
Huahine cuckoo-dove,1,1
Huahine swamphen,1,1
Cuban cave rail,1,1
Titan elephant bird,1,1
Insular cave rat,1,1
Sinoto's lorikeet,1,1
Conquered lorikeet,1,1
Malagasy aardvark,1,1
Grandidier's giant tortoise,1,1
Southern giant ruffed lemur,1,1
Giant aye-aye,1,1
Giant island deer mouse,1,1
Grandidier's koala lemur,1,1
Perameles,0,0
"Bilby, Greater Bilby",0,0
Chiroptera,0,0
Fruit Bat,0,0
Golden crowned flying fox,0,1
Hoary Bat,0,0
White bat,0,0
Myotis lucifugus,0,0
Mexican free-tailed bat,0,0
Vampire Bat,0,1
Parras characodon,1,1
Saint Lucia giant rice rat,1,1
Jamaican wood rail,1,1
Quagga,1,0
Hawaiian rail,1,1
Bennett's seaweed,1,1
Hokkaido wolf,1,1
Bonin wood pigeon,1,1
Whiteline topminnow,1,1
Eastern hare-wallaby,1,1
Bonin nankeen night heron,1,1
Sturdee's pipistrelle,1,1
Pyrenean ibex,1,1
Glaucous macaw,1,1
Polynesian tree snail,1,1
Saint Helena olive,1,1
Chinese paddlefish,1,1
Chinese river dolphin,1,1
Po'ouli,1,1
Western black rhinoceros,1,1
South Island kōkako,1,1
Bramble Cay melomys,1,1
Christmas Island pipistrelle,1,1
None,0,0
cactus mouse,0,0
Capybara,0,1
Chinchilla Lanigera,0,0
None,0,0
Gliridae,0,0
Pteromyini,0,0
"Gerbil, jird, tateril, doop",0,0
Geomys bursarius,0,0
Grasshopper mice,0,0
"Groundhog, Woodchuck",0,0
Guinea Pig,0,1
None,0,0
Indian giant squirrel,0,0
Funambulus Palmarum,0,0
Japanese Squirrel,0,1
None,0,0
Kangaroo rat,0,0
Lemmus Lemmus,0,0
Ground squirrel,0,0
None,0,0
Muskrat,0,0
Naked mole rat,0,0
Erethizon Dorsaum,0,0
Prairie Dog,0,1
Rattus rattus,0,0
Red Squirrel,0,0
"Rats, mice, porcupines, guinea pigs, capybaras, hamsters, gerbils, squirrels, etc.",0,0
None,0,0
Golden hamster,0,0
Teddy Bear Hamster,0,0
Water Vole,0,1
African ground squirrel,0,0
New Caledonian terrestrial crocodile,1,1
Sumba Island,1,1
Indian aurochs,1,1
Woolly mammoth,1,0
Short-horned water buffalo,1,1
Puerto Rican ground sloth,1,1
Christensen's pademelon,1,1
Hawaiian eagle,1,1
New Caledonian giant megapode,1,1
Puerto Rican flower bat,1,1
Leeward Islands curlytail,1,1
European wild ass,1,0
Dune shearwater,1,1
Mona Island tortoise,1,1
Alor Island,1,1
Lesser Sunda Islands,1,1
Vanuatu terrestrial crocodile,1,1
Verhoeven's giant tree rat,1,1
Diceros Bicornis,0,1
Equus ferus caballus,0,1
Equus Asinus,0,0
Equus caballus,0,0
Rhinoceros Unicornis,0,1
Rhinoceros Sondaicus,0,1
Equus mulus,0,0
quagga,1,1
Rhinocerotidae,0,0
Dicerorhinus Sumatrensis,0,1
" Central American Tapir, Kabomani Tapir, Mountain Tapir and the Malayan Tapir",0,1
Ceratotherium simum,0,1
Zebra,0,1
Zonkey,0,1
Zorse,0,0
Irish elk,1,1
North African horse,1,1
Majorcan giant dormouse,1,1
Club-tailed glyptodont,1,1
Algerian giant deer,1,1
Toxodont,1,1
Jamaican caracara,1,1
North African aurochs,1,1
North African zebra,1,1
Caucasian moose,1,1
Saint Croix racer,1,1
Gravenche,1,1
Lord Howe long-eared bat,1,1
Leafshell,1,1
Southern pig-footed bandicoot,1,1
Tennessee riffleshell,1,1
Greater ʻamakihi,1,1
Rocky Mountain locust,1,1
Auckland merganser,1,1
North Island piopio,1,1
Guadalupe caracara,1,1
Stumptooth minnow,1,1
Choiseul pigeon,1,1
Japanese wolf,1,1
South Island piopio,1,1
Chatham bellbird,1,1
Guadalupe flicker,1,1
Black mamo,1,1
Huia,1,1
Assumption rail,1,1
Siquijor hanging parrot,1,1
Persoonia laxa,1,1
Alejandro Selkirk firecrown,1,1
Robust white-eye,1,1
Cumberland leafshell,1,1
Bogotá sunangel,1,1
Tarpan,1,1
Canis lupus,0,0
Pecari tajacu,0,0
Phalanger maculatus,0,0
None,0,0
Dugong Dugon,0,0
None,0,1
Hydrodamalis Gigas,1,1
Tachyglossus Aculeatus,0,0
Platypus,0,0
Elephantulus,0,0
Flying lemur,0,1
None,0,0
None,0,0
Koala,0,0
Thylogale,0,0
Phalangeriforme,0,0
Potoroo,0,0
Quokka,0,0
 Sugar glider,0,1
tree kangaroo,0,0
Macropus,0,0
Vombatus Ursinus,0,0
Talpidae,0,0
Myrmecobius Fasciatus,0,0
Dasyurus Viverrinus,0,0
Sarcophilus harrisii,0,0
Tasmanian tiger,1,0
Didelphis Virginiana,0,0
Rock Hyrax,0,0
savanna goat,0,0
Scimitar-horned oryx,1,0
Siberian Ibex,0,0
Choloepus Hoffmani,0,0
Kambuaya's triok,1,1
New Guinea greater glider,1,1
Bond's springbok,1,1
Sardinian giant deer,1,1
caprine,1,1
Ibiza rail,1,1
Ancient bison,1,0
Giant ground sloth,1,0
Star-Nosed Mole,0,1
Steppe bison,1,1
Malagasy crowned eagle,1,1
Kauaʻi mole duck,1,1
Radofilao's sloth lemur,1,1
Smaller Cuban ground sloth,1,1
Giant long-horned buffalo,1,0
Sardinian shrew,1,1
Buka Island mosaic-tailed rat,1,1
Buka Island solomys,1,1
Tilos dwarf elephant,1,1
Balearic giant shrew,1,1
Adelie Penguin,0,0
African Penguin,0,0
Pygoscelis Antarcticus,0,0
Eudyptes robustus,0,0
Emperor Penguin,0,0
Spheniscus Mendiculus,0,0
Pygoscelis papua,0,0
Spheniscus humboldti,0,0
Aptenodytes patagonicus,0,0
Eudyptula Minor,0,0
Eudyptes Chrysolophus,0,0
Spheniscus magellanicus,0,0
Aptenodytes Forsteri,0,0
Eudyptes chrysocome,0,0
Eudyptes schlegeli,0,0
Megadyptes antipodes,0,0
African grey parrot,0,1
Amazon Parrot,0,0
Melopsittacus undulatus,0,0
Carolina Parakeet,1,0
Cockatoo,0,0
Strigops habroptilus,0,0
Lorikeet,0,0
Arini,0,0
"Parakeet, budgie, conure",0,0
None,0,0
Parrotlets,0,0
Scarlet macaw,0,0
Senegal Parrot,0,0
Albatross,0,0
North Island snipe,1,1
Spined dwarf mantis,1,0
Cape warthog,1,0
Tristan moorhen,1,1
Samoan woodhen,1,1
Large Palau flying fox,1,1
Coues's gadwall,1,1
Percy Island flying fox,1,1
Newton's parakeet,1,1
North Island little spotted kiwi,1,1
Labrador duck,1,1
New Zealand quail,1,1
Broad-faced potoroo,1,1
Falkland Islands wolf,1,1
Himalayan quail,1,1
Brace's emerald,1,1
Jamaican rice rat,1,1
Navassa Island iguana,1,1
Antioquia brown-banded antpitta,1,1
Macquarie Island banded rail,1,1
Jamaican petrel,1,1
American robin,0,0
barn swallow,0,0
None,0,0
Blue Jay,0,0
Bobolink,0,0
Chickadee,0,0
Raven,0,0
Bluebird,0,0
Eastern phoebe,0,0
Golden Oriole,0,0
Gouldian finch,0,0
Great Crested Flycatcher,0,0
House finch,0,0
House wren,0,0
Jackdaw,0,0
Lyrebird,0,0
Pica Pica,0,0
Mountain Bluebird,0,0
"Mynah, or myna",0,0
None,0,0
"Cardinal, red cardinal",0,0
Purple finch,0,0
Red finch,0,0
Red-winged Blackbird,0,0
None,0,0
Rose-breasted grosbeak,0,0
Melospiza melodia,0,0
None,0,0
Thrush,0,0
Tree Swallow,0,0
Uguisu,0,0
Umbrellabird,0,0
King Cobra,0,0
Zebra Finch,0,0
Balearic cave goat,1,1
Bennu heron,1,1
Niue night heron,1,1
Hispaniola monkey,1,1
Small Hispaniola ground sloth,1,1
Larger Cuban ground sloth,1,1
Chatham raven,1,1
Daudin's giant tortoise,1,1
Floreana giant tortoise,1,1
Southern black rhinoceros,1,0
Christmas sandpiper,1,1
Turquoise-throated puffleg,1,1
String tree,1,1
Belido,1,1
Norfolk kaka,1,1
Great auk,1,1
Lord Howe pigeon,1,1
Small Samoan flying fox,1,1
Gould's mouse,1,1
Kioea,1,1
Portuguese ibex,1,1
New Caledonian rail,1,1
Macquarie parakeet,1,1
Kauaʻi nukupuʻu,1,1
New Zealand bittern,1,1
Sulu bleeding-heart,1,1
Lesser koa finch,1,1
Maui Nui ʻakialoa,1,1
ʻUla-ʻai-hawane,1,1
Nendo tube-nosed fruit bat,1,1
St. Vincent pygmy rice rat,1,1
Chatham fernbird,1,1
Puerto Rican parakeet,1,1
Chatham rail,1,1
Harelip sucker,1,1
Seychelles parakeet,1,1
Kona grosbeak,1,1
North Island takahē,1,1
Hawkins's rail,1,1
Lyall's wren,1,1
Greater koa finch,1,1
Newfoundland wolf,1,1
Martinique giant rice rat,1,1
Nelson's rice rat,1,1
Stephens Island piopio,1,1
Culebra Island amazon,1,1
Hawaii mamo,1,1
Little Swan Island hutia,1,1
Eriocaulon jordanii,1,1
San Martín Island woodrat,1,1
Tawi-tawi buttonquail,1,1
Japanese sea lion,1,1
Niceforo's pintail,1,1
Deepwater cisco,1,1
Caribbean monk seal,1,1
New Mexico sharp-tailed grouse,1,1
Ilin Island cloudrunner,1,1
Raycraft Ranch killifish,1,1
Faramea chiapensis,1,1
Negros fruit dove,1,1
Schizothorax saltans,1,1
Maravillas red shiner,1,1
Plateau chub,1,1
Coosa elktoe,1,1
Imperial woodpecker,1,1
Levuana moth,1,1
Crescent nail-tail wallaby,1,1
Thicktail chub,1,1
Scioto madtom,1,1
Hainan ormosia,1,1
Pahrump Ranch poolfish,1,1
Blue Pike,1,1
Rennell Island teal,1,1
Santa Barbara song sparrow,1,1
Recurvirostra,0,0
jacana,0,0
Puffin,0,0
seagull,0,0
bald eagle,0,0
Common Buzzard,0,0
Cooper's hawk,0,0
Ferruginous hawk,0,0
Harpy Eagle,0,0
sea eagle,0,0
White-tailed eagle,0,0
Tyto alba,0,0
Barred owl,0,0
Burrowing owl,0,0
Golden masked owl,0,0
Bubo scandiacus,0,0
Strix aluco,0,0
Noble megapode,1,1
Fiji giant iguana,1,1
Fiji terrestrial crocodile,1,1
Tongan tooth-billed pigeon,1,1
Balsam shrew,1,1
Eurasian muskox,1,1
Vanuatu horned turtle,1,1
Syrian elephant,1,1
MacPhee's shrew tenrec,1,1
Jamaican ibis,1,1
Law's diving-goose,1,1
Consumed scrubfowl,1,1
Kaua'i stilt-owl,1,1
Chatham coot,1,1
Bahaman caracara,1,1
Large Tongan iguana,1,1
David's imperial pigeon,1,1
Plate-toothed giant hutia,1,1
Lena horse,1,1
Gorilla lemur,1,1
Corsican giant shrew,1,1
Sardinian pika,1,1
Hensel's field mouse,1,1
Tyrrhenian vole,1,1
Imperial gibbon,1,1
Maui flightless ibis,1,1
Ancient coua,1,1
Buhler's coryphomys,1,1
Timor giant rat,1,1
São Miguel scops owl,1,1
Blue grosbeak,0,0
None,0,0
Fregata,0,0
Great Blue Heron,0,0
Shoebill stork,0,1
Pico Island,1,1
Tenerife giant lizard,1,1
Kauaʻi finch,1,1
South Island giant moa,1,1
South American wolf,1,1
Dwarf thick-knee,1,1
Broad-billed moa,1,1
Finsch's duck,1,1
Olson's petrel,1,1
Saint Helena rail,1,1
Saint Helena petrel,1,1
Saint Helena hoopoe,1,1
Saint Helena crake,1,1
Vespucci's giant rat,1,1
Galápagos giant rat,1,1
Puerto Rican hutia,1,1
Cayman Islands hutia,1,1
Hispaniolan edible rat,1,1
Ascension night heron,1,1
None,0,0
Dromaius novaehollandiae,0,0
Casuarius,0,0
Kangaroo Island emu,1,1
Mascarene booby,1,1
Delalande's coua,1,1
Mascarene parrot,1,1
Atlas bear,1,1
Oʻahu ʻakialoa,1,1
Hoopoe starling,1,1
Oʻahu ʻōʻō,1,1
Mauritius owl,1,1
Oʻahu nukupuʻu,1,1
Réunion slit-eared skink,1,1
Large Samoan flying fox,1,1
Réunion giant tortoise,1,1
Dieffenbach's Rail,1,1
Spectacled cormorant,1,1
Rodrigues giant day gecko,1,1
Black-fronted parakeet,1,1
Tasmanian emu,1,1
Gallus gallus,0,0
Tetraoninae,0,0
Guinea Fowl,0,0
None,0,0
Phasianus Colchicus,0,0
Coturnix Coturnix,0,0
Silkie,0,0
Meleagris,0,0
Chinese goose,0,1
None,0,0
None,0,0
Mallard,0,0
Cygnus atratus,0,0
Hodgens's waterhen,1,1
Rodrigues blue pigeon,1,1
Mauritius white-throated rail,1,1
Bermuda hawk,1,1
Bermuda saw-whet owl,1,1
Bermuda night heron,1,1
Réunion blue pigeon,1,1
Bermuda flicker,1,1
Eurasian aurochs,1,1
Ascension crake,1,1
Dodo,1,1
Larger Malagasy hippopotamus,1,1
Réunion sheldgoose,1,1
Réunion kestrel,1,1
Réunion fody,1,1
Broad-billed parrot,1,1
Réunion rail,1,1
Réunion pigeon,1,1
Réunion night heron,1,1
Giant vampire bat,1,0
Mauritius sheldgoose,1,1
Red rail,1,1
Mascarene coot,1,1
Mauritius night heron,1,1
Mascarene teal,1,1
Sugarspoon,1,1
Lesser ʻakialoa,1,1
Cascade mountain wolf,1,1
Las Vegas dace,1,1
Javan lapwing,1,1
Arabian ostrich,1,1
Texas gray wolf,1,1
Eriocaulon inundatum,1,1
Cebu hanging parrot,1,1
Barbary lion,1,1
Desert bandicoot,1,1
American ivory-billed woodpecker,1,1
Laysan rail,1,1
Wake Island rail,1,1
Ash Meadows killifish,1,1
Sinú parakeet,1,1
Pink-headed duck,1,1
Gavia Immer,0,0
Gruidae,0,0
Gallinula,0,0
Whooping Crane,0,0
cuckoo,0,0
None,0,0
None,0,0
Peregrine falcon,0,0
None,0,0
Green Bee-Eater,0,0
None,0,0
kookaburra,0,0
None,0,0
Threskiornithidae,0,0
Roseate Spoonbill,0,0
Stork,0,0
Hoopoe,0,0
Hornbill,0,0
None,0,0
Hummingbird,0,0
Ivory-Billed Woodpecker,0,0
Ramphastos sulfuratus,0,0
Pileated woodpecker,0,0
None,0,0
None,0,0
None,0,0
Struthio camelus,0,0
American mourning dove,0,1
"Pigeon, dove",0,0
Quetzal,0,0
None,0,0
Cathartes aura,0,0
Page's crane,1,1
La Brea owl,1,1
Errant vulture,1,1
Eurasian cave lion,1,1
Dow's puffin,1,1
Highland gomphothere,1,1
Patagonian panther,1,1
Toronto subway deer,1,1
Western bison,1,1
Dwarf pronghorn,1,1
Chinese cave hyena,1,1
Shrub-ox,1,1
American mountain deer,1,1
Stock's pronghorn,1,1
Southeastern giant tortoise,1,1
Sardinian dhole,1,1
American lion,1,1
Macrauchenia,1,1
Long-nosed peccary,1,1
Jefferson's ground sloth,1,1
Pygmy mammoth,1,1
Californian turkey,1,1
Wilson's tortoise,1,1
Ryukyu tortoise,1,1
Cypriot genet,1,1
Miyako roe deer,1,1
Asphalt stork,1,1
Miyako long-tailed rat,1,1
Merriam's teratorn,1,1
Albatross,0,0
South American pointed-antlered deer,1,1
North American pampathere,1,1
Cuvier's small ground sloth,1,1
Panamerican ground sloth,1,1
North American sabertooth,1,1
Asian straight-tusked elephant,1,1
South American sabertooth,1,1
American camel,1,1
Scott's horse,1,1
Chilean scelidodont,1,1
Columbian mammoth,1,1
Giant ghost-faced bat,1,1
Greater Cuban nesophontes,1,1
Cuban pauraque,1,1
North Island adzebill,1,1
Henderson archaic pigeon,1,1
Henderson imperial pigeon,1,1
Henderson ground dove,1,1
Puerto Rican nesophontes,1,1
Lava shearwater,1,1
Giant elephant bird,1,1
Nēnē-nui,1,1
Edwards' baboon lemur,1,1
Maui Nui moa-nalo,1,1
Maui stilt-owl,1,1
New Zealand swan,1,1
Tenerife giant rat,1,1
Abaco tortoise,1,1
Barbuda giant rice rat,1,1
Atalaye nesophontes,1,1
New Zealand owlet-nightjar,1,1
Abrupt giant tortoise,1,1
Ua Huka,1,1
Chatham kaka,1,1
Common koala lemur,1,1
South Island adzebill,1,1
St. Michel nesophontes,1,1
Lava mouse,1,1
Mantell's moa,1,1
North Island giant moa,1,1
Heavy-footed moa,1,1
Western Cuban nesophontes,1,1
Haitian nesophontes,1,1
Austral Islands,1,1
Chatham penguin,1,1
Dwarf yellow-eyed penguin,1,1
Upland moa,1,1
Edwards' koala lemur,1,1
Eua rail,1,1
Bush moa,1,1
Eastern moa,1,1
Haast's eagle,1,1
Southern sloth lemur,1,1
Hispaniola woodcock,1,1
Waitaha penguin,1,1
Scarlett's shearwater,1,1
Giant Hawaii goose,1,1
Great ground dove,1,1
Crested moa,1,1
African bullfrog,0,0
African Clawed Frog,0,0
Nectophryne afra,0,0
American Toad,0,0
Lithobates catesbeianus,0,0
None,0,0
Rana temporaria,0,0
Bufo Bufo,0,0
Rhinoderma Darwinii,0,0
Breviceps macrops,0,0
Edible Frog,0,0
Bombina,0,0
None,0,0
Glass frog,0,0
Goliath Frog,0,0
Gray Tree Frog,0,0
Green frog,0,0
The Australian green tree frog is also known as White’s tree frog or dumpy tree frog,0,0
Ceratophrys Ornata,0,0
Leopard Frog,0,0
Mantella frogs,0,0
Bufo Marinus,0,0
Pelophylax ridibundus,0,0
Eleutherodactylus iberia,0,0
None,0,0
Pelophylax lessonae,0,0
Scrotum frog,0,1
Litoria nasuta,0,0
None,0,0
Wood frog,0,0
Socorro elf owl,1,1
Mexican dace,1,1
Endorheic chub,1,1
Saudi gazelle,1,1
Clear Lake splittail,1,1
Acornshell,1,1
Ticao Tarictic hornbill,1,1
Tecopa pupfish,1,1
Tropical acidweed,1,1
Mason River myrtle,1,1
Bitungu,1,1
Bar-winged rail,1,1
Barbodes herrei,1,1
Aragua robber frog,1,1
Bagangan,1,1
Bitungu,1,1
Longjaw cisco,1,1
Phantom shiner,1,1
Barbodes tras,1,1
Jalpa false brook salamander,1,1
Mexican grizzly bear,1,1
Barbodes katolo,1,1
Barbodes manalak,1,1
Colombian grebe,1,1
Eiao monarch,1,1
Craugastor myllomyllon,1,1
White-eyed river martin,1,1
Little earth hutia,1,1
Yunnan lake newt,1,1
Japanese river otter,1,1
Caspian tiger,1,1
Mount Glorious day frog,1,1
Maui nukupu'u,1,1
Olomaʻo,1,1
Anabarilius macrolepis,1,1
Mariana mallard,1,1
Yilong carp,1,1
Puhielelu hibiscadelphus,1,1
Bishop's ʻōʻō,1,1
Southern gastric-brooding frog,1,1
Galápagos damsel,1,1
Pait,1,1
San Marcos gambusia,1,1
24-rayed sunstar,1,1
Guam flycatcher,1,1
Formosan clouded leopard,1,1
Aldabra brush-warbler,1,1
Atitlán grebe,1,1
Green blossom,1,1
Javan tiger,1,1
California condor louse,1,0
Timucua heart lichen,1,1
Christmas Island shrew,1,1
Kāmaʻo,1,1
Ua Pou monarch,1,1
Northern gastric-brooding frog,1,1
Alaotra grebe,1,1
Pass stubfoot toad,1,1
Zanzibar leopard,1,1
Banff longnose dace,1,1
Dusky seaside sparrow,1,1
Cuban ivory-billed woodpecker,1,1
Kauaʻi ʻōʻō,1,1
Maui ʻakepa,1,1
Bachman's warbler,1,1
Golden toad,1,1
Ambystoma mexicanum,0,0
None,0,0
Olm,0,0
Caudata,0,0
Ambystoma tigrinum,0,0
Caecilians,0,0
Fire salamander,0,0
"Giant salamander, hellbender, Japanese giant salamander, Chinese giant salamander, South China giant salamander, Pacific giant salamander",0,0
Mudpuppy,0,1
Mesobatrachia,0,0
Albacore tuna,0,0
Bluefin tuna,0,1
Sarda,0,0
Skipjack tuna,0,0
Tuna,0,0
Yellowfin tuna,0,0
Alligator Gar,0,0
Florida Gar,0,0
Gar,0,0
Longnose gar,0,0
Spotted gar,0,0
None,0,0
Herring,0,0
"European Pilchard, Pacific Sardine, South American Pilchard",0,0
Angelfish,0,0
Barracuda,0,0
Barramundi,0,0
Butterfly fish,0,0
Cichlid,0,0
Clownfish,0,0
"White perch, paper mouths, strawberry bass, and more.",0,0
Discus,0,0
Drum fish,0,0
Oscar fish,0,0
Siamese Fighting Fish,0,0
Tang,0,0
Walleye,0,0
Wolf Eel,0,0
Wolffish,0,0
Wrasse,0,0
Seadevils,0,0
Arapaima,0,0
Barb,0,0
Carp,0,0
Loach,0,0
Beluga,0,0
Chinese paddlefish,0,1
paddlefish,0,0
Sturgeon,0,0
Bichir,0,0
Istiompax Indica,0,0
Blobfish or Smooth-Head Blobfish,0,0
Lionfish,0,0
Rockfish,0,0
Scorpionfish,0,0
Bowfin,0,0
"Cod, codfish",0,0
Haddock,0,0
Eel,0,0
garden eel,0,0
Moray Eel,0,0
Electric eel,0,0
Anoplogaster,0,0
Squirrelfish,0,0
Flounder,0,0
Fluke and Summer Flounders,0,1
Flowerhorn Fish,0,0
Flying fish,0,0
Frogfish,0,1
Guppy,0,0
Molly,0,0
Hardhead Catfish,0,0
Mekong Giant Catfish,0,1
Iridescent shark,0,0
Walking Catfish,0,0
Zebra Pleco,0,0
Milkfish,0,0
Oyster Toadfish,0,0
Frogfish,0,1
Pike,0,0
Piranha,0,0
Silver Dollar,0,0
Tetra,0,0
X-Ray Tetra,0,0
Pufferfish,0,1
Salmon,0,0
Sea Dragon,0,0
Seahorse,0,0
Tarpon,0,0
Aldabra Giant Tortoise,0,0
Box turtle,0,0
Gopherus Agassizii,0,0
Chelonoidis nigra,0,0
gopher tortoise,0,0
Geochelone elegans,0,0
Stigmochelys pardalis,0,0
Painted turtle,0,0
Radiated Tortoise,0,0
None,0,0
Russian Tortoise,0,0
None,0,0
Chelydridae,0,0
Spiny turtle,0,0
"African spurred tortoise, spurred tortoise, African spur thigh tortoise",0,1
None,0,0
Turtle,0,0
Wood turtle,0,0
Alligator,0,0
Caiman,0,0
Chinese alligator,0,0
"Crocodile, Croc",0,0
Gharial,0,0
Nile Crocodile,0,0
Australian gecko,0,0
Pogona Vitticeps,0,0
Cyclura lewisi,0,0
Brookesia micra,0,0
Burmese python,0,0
"Northern Caiman lizard, Paraguay Caiman lizard",0,0
Chamaeleonidae,0,0
Common flying dragon,0,0
Eastern fence lizard,0,0
Chlamydosaurus kingii,0,0
None,0,0
Heloderma suspectum,0,0
Ophisaurus,0,0
Green anole,0,0
Horned lizards,0,0
None,0,0
"Jackson’s chameleon, Jackson's horned chameleon, three-horned chameleon, or Kikuyu three-horned chameleon",0,0
King Cobra,0,0
Komodo Dragon,0,0
None,0,0
Eublepharis macularius,0,0
None,0,0
Amblyrhynchus cristatus,0,0
"Alligator lizard, green arboreal alligator",0,0
Mexican mole lizard,0,0
None,0,0
Northern alligator lizard,0,0
None,0,0
Lacerta agilis,0,0
Satanic Leaf-tailed Gecko,0,0
Skinks,0,0
Anguis fragilis,0,0
None,0,0
Moloch horridus,0,0
Physignathus,0,0
Domed Rodrigues giant tortoise,1,1
Saddle-backed Rodrigues giant tortoise,1,1
King Island emu,1,1
Smooth handfish,1,1
Wynberg conebush,1,1
Spotted green pigeon,1,1
Maupiti monarch,1,1
Mysterious starling,1,1
ʻĀmaui,1,1
Mauritius blue pigeon,1,1
Kosrae crake,1,1
Kosrae starling,1,1
Bonin grosbeak,1,1
Bonin thrush,1,1
Tonga ground skink,1,1
Sharp-tailed snake,0,0
Sphenodon Punctatus,0,0
"Roach, waterbug",0,0
Ant,0,0
Asian Giant Hornet,0,0
bee,0,0
Sphex pensylvanicus,0,0
Bumble Bee,0,0
None,0,0
Honey Bee,0,0
None,0,0
Tarantula hawk,0,0
Wasp,0,0
armyworm,0,0
Butterfly,0,0
Caterpillar,0,0
Eacles imperialis,0,0
Monarch Butterfly,0,0
Moth,0,0
Peacock butterfly,0,0
Polyphemus moth,0,0
Purple Emperor,0,0
Puss Moth,0,0
tiger moth,0,0
white butterfly,0,0
Beetle,0,0
None,0,0
Dung Beetle,0,0
Glow Worm,0,0
Hercules Beetle,0,0
Japanese beetle,0,0
"Ladybird, ladybug",0,0
Stag Beetle,0,0
Tiger beetle,0,0
Camel cricket,0,0
cricket,0,0
Schistocerca gregaria,0,0
Grasshopper,0,0
None,0,0
Mole Cricket,0,0
None,0,0
Mealybugs,0,0
Pondskater,0,0
Spotted Lanternfly,0,0
Cockroach,0,0
Dragonfly,0,0
Earwig,0,0
Flea,0,0
Fly,0,0
Horsefly,0,0
fly,0,0
Mosquitoes,0,0
No see um,0,0
None,0,0
Mayfly,0,0
Stick Insect,0,0
Termite,0,0
Baolan,1,1
Splendid poison frog,1,1
Moroccan bustard,1,1
Chiriqui harlequin frog,1,1
Norfolk Island boobook,1,1
Barbary leopard,1,1
Swollen Raiatea Tree Snail,1,1
Green and red venter harlequin toad,1,1
Sangihe dwarf kingfisher,1,1
Iberian lynx louse,1,1
Antarctic scale worm,0,0
Arizona Bark Scorpion,0,0
Scorpiones,0,0
Banana spider,0,0
Black Widow Spider,0,0
None,0,0
Huntsman spider,0,0
joro spider,0,0
Orb weaver,0,0
Peacock spider,0,0
Brachypelma smithi,0,0
Wolf Spider,0,0
Woodlouse spider,0,0
zipper spider,0,0
Camel Spider,0,1
House spider,0,0
Redback spider,0,0
Steatoda grossa,0,0
Vinegaroon,0,0
Basking Shark,0,0
Great White Shark,0,0
Megamouth shark,0,0
Porbeagle Shark,0,0
Salmon Shark,0,0
Sand tiger shark,0,0
Blue shark,0,0
Bonnethead shark,0,0
Carcharhinus Leucas,0,0
Carcharhinus Amblyrhynchos,0,0
hammerhead shark,0,0
Reef shark,0,0
Spinner shark,0,0
Galeocerdo Cuvier,0,0
"Chimaera, ghost shar",0,0
Cigar shark,0,0
Greenland Shark,0,0
Sleeper Shark,0,1
Spiny Dogfish,0,0
Horn Shark,0,0
Manta Ray,0,0
Stingray,0,0
Ginglymostoma cirratum,0,1
Rhincodon Typus,0,0
Stegostoma Fasciatum,0,0
Sawfish,0,0
Sixgill Shark,0,0
Blue-ringed Octopus,0,0
Octopus Vulgaris,0,0
Colossal squid,0,0
Humboldt Squid,0,0
Cuttlefish,0,0
Teuthida,0,0
"Christmas Island red crab, red land crab",0,0
Brachyura,0,0
"Fiddler crab, Calling crab",0,0
Ghost crab,0,0
Hermit Crab,0,0
Lopholithodes Mandtii,0,0
red rock crab,0,0
Yeti Crab,0,0
Horseshoe Crab,0,0
Krill,0,0
Woodlouse,0,0
Coelacanth,0,0
Dipnoi,0,0
Sea anemone,0,0
earathworm,0,0
Achatina fulica,0,0
Snail,0,0
Sea Slug,0,0
Vietnamese rhinoceros,1,1
Alagoas foliage-gleaner,1,1
Pinta Island tortoise,1,1
Christmas Island forest skink,1,1
Rabbs' fringe-limbed treefrog,1,1
Oahu treesnail,1,1
Giant Clam,0,0
Oyster,0,0
Zebra mussel,0,0
Hagfish,0,0
"Immortal jellyfish, Benjamin Button jellyfish",0,0
Man of war jellyfish,0,0
Jellyfish,0,0
Lion’s Mane Jellyfish,0,0
Lamprey,0,0
Sea Urchin,0,0
