,link_for_Animal_page
0,https://a-z-animals.com/animals/aardvark/
1,https://a-z-animals.com/animals/abyssinian/
2,https://a-z-animals.com/animals/addax/
3,https://a-z-animals.com/animals/adelie-penguin/
4,https://a-z-animals.com/animals/affenpinscher/
5,https://a-z-animals.com/animals/afghan-hound/
6,https://a-z-animals.com/animals/african-bullfrog/
7,https://a-z-animals.com/animals/african-bush-elephant/
8,https://a-z-animals.com/animals/african-civet/
9,https://a-z-animals.com/animals/african-clawed-frog/
10,https://a-z-animals.com/animals/african-forest-elephant/
11,https://a-z-animals.com/animals/african-grey-parrot/
12,https://a-z-animals.com/animals/african-palm-civet/
13,https://a-z-animals.com/animals/african-penguin/
14,https://a-z-animals.com/animals/african-tree-toad/
15,https://a-z-animals.com/animals/african-wild-dog/
16,https://a-z-animals.com/animals/aidi/
17,https://a-z-animals.com/animals/ainu/
18,https://a-z-animals.com/animals/airedale-terrier/
19,https://a-z-animals.com/animals/airedoodle/
20,https://a-z-animals.com/animals/akbash/
21,https://a-z-animals.com/animals/akita/
22,https://a-z-animals.com/animals/akita-shepherd/
23,https://a-z-animals.com/animals/alabai/
24,https://a-z-animals.com/animals/alaskan-husky/
25,https://a-z-animals.com/animals/alaskan-klee-kai/
26,https://a-z-animals.com/animals/alaskan-malamute/
27,https://a-z-animals.com/animals/alaskan-shepherd/
28,https://a-z-animals.com/animals/albacore-tuna/
29,https://a-z-animals.com/animals/albatross/
30,https://a-z-animals.com/animals/aldabra-giant-tortoise/
31,https://a-z-animals.com/animals/alligator/
32,https://a-z-animals.com/animals/alligator-gar/
33,https://a-z-animals.com/animals/alpaca/
34,https://a-z-animals.com/animals/alpine-dachsbracke/
35,https://a-z-animals.com/animals/alpine-goat/
36,https://a-z-animals.com/animals/alusky/
37,https://a-z-animals.com/animals/amazon-parrot/
38,https://a-z-animals.com/animals/pink-dolphin/
39,https://a-z-animals.com/animals/american-alsatian/
40,https://a-z-animals.com/animals/american-bulldog/
41,https://a-z-animals.com/animals/american-cocker-spaniel/
42,https://a-z-animals.com/animals/american-cockroach/
43,https://a-z-animals.com/animals/american-coonhound/
44,https://a-z-animals.com/animals/american-eskimo-dog/
45,https://a-z-animals.com/animals/american-foxhound/
46,https://a-z-animals.com/animals/american-hairless-terrier/
47,https://a-z-animals.com/animals/american-leopard-hound/
48,https://a-z-animals.com/animals/american-pit-bull-terrier/
49,https://a-z-animals.com/animals/american-pygmy-goat/
50,https://a-z-animals.com/animals/american-robin/
51,https://a-z-animals.com/animals/american-staffordshire-terrier/
52,https://a-z-animals.com/animals/american-toad/
53,https://a-z-animals.com/animals/american-water-spaniel/
54,https://a-z-animals.com/animals/amur-leopard/
55,https://a-z-animals.com/animals/anatolian-shepherd-dog/
56,https://a-z-animals.com/animals/anchovies/
57,https://a-z-animals.com/animals/angelfish/
58,https://a-z-animals.com/animals/anglerfish/
59,https://a-z-animals.com/animals/angora-goat/
60,https://a-z-animals.com/animals/ant/
61,https://a-z-animals.com/animals/antarctic-scale-worm/
62,https://a-z-animals.com/animals/anteater/
63,https://a-z-animals.com/animals/antelope/
64,https://a-z-animals.com/animals/appenzeller-dog/
65,https://a-z-animals.com/animals/apple-head-chihuahua/
66,https://a-z-animals.com/animals/arapaima/
67,https://a-z-animals.com/animals/arctic-fox/
68,https://a-z-animals.com/animals/arctic-hare/
69,https://a-z-animals.com/animals/arctic-wolf/
70,https://a-z-animals.com/animals/arizona-bark-scorpion/
71,https://a-z-animals.com/animals/armadillo/
72,https://a-z-animals.com/animals/armyworm/
73,https://a-z-animals.com/animals/asian-elephant/
74,https://a-z-animals.com/animals/asian-giant-hornet/
75,https://a-z-animals.com/animals/asian-palm-civet/
76,https://a-z-animals.com/animals/asiatic-black-bear/
77,https://a-z-animals.com/animals/aurochs/
78,https://a-z-animals.com/animals/aussiedoodle/
79,https://a-z-animals.com/animals/aussiedor/
80,https://a-z-animals.com/animals/australian-bulldog/
81,https://a-z-animals.com/animals/australian-cattle-dog/
82,https://a-z-animals.com/animals/australian-gecko/
83,https://a-z-animals.com/animals/australian-kelpie-dog/
84,https://a-z-animals.com/animals/australian-labradoodle/
85,https://a-z-animals.com/animals/australian-mist/
86,https://a-z-animals.com/animals/australian-retriever/
87,https://a-z-animals.com/animals/australian-shepherd/
88,https://a-z-animals.com/animals/australian-terrier/
89,https://a-z-animals.com/animals/avocet/
90,https://a-z-animals.com/animals/axolotl/
91,https://a-z-animals.com/animals/aye-aye/
92,https://a-z-animals.com/animals/babirusa/
93,https://a-z-animals.com/animals/baboon/
94,https://a-z-animals.com/animals/bactrian-camel/
95,https://a-z-animals.com/animals/badger/
96,https://a-z-animals.com/animals/baiji/
97,https://a-z-animals.com/animals/bald-eagle/
98,https://a-z-animals.com/animals/baleen-whale/
99,https://a-z-animals.com/animals/balinese/
100,https://a-z-animals.com/animals/balkan-lynx/
101,https://a-z-animals.com/animals/banana-spider/
102,https://a-z-animals.com/animals/banded-palm-civet/
103,https://a-z-animals.com/animals/bandicoot/
104,https://a-z-animals.com/animals/banjo-catfish/
105,https://a-z-animals.com/animals/barb/
106,https://a-z-animals.com/animals/barbet/
107,https://a-z-animals.com/animals/barn-owl/
108,https://a-z-animals.com/animals/barn-swallow/
109,https://a-z-animals.com/animals/barnacle/
110,https://a-z-animals.com/animals/barracuda/
111,https://a-z-animals.com/animals/barramundi-fish/
112,https://a-z-animals.com/animals/barred-owl/
113,https://a-z-animals.com/animals/basenji-dog/
114,https://a-z-animals.com/animals/basking-shark/
115,https://a-z-animals.com/animals/bassador/
116,https://a-z-animals.com/animals/basset-fauve-de-bretagne/
117,https://a-z-animals.com/animals/basset-hound/
118,https://a-z-animals.com/animals/bassetoodle/
119,https://a-z-animals.com/animals/bat/
120,https://a-z-animals.com/animals/bavarian-mountain-hound/
121,https://a-z-animals.com/animals/bea-tzu/
122,https://a-z-animals.com/animals/beabull/
123,https://a-z-animals.com/animals/beagador/
124,https://a-z-animals.com/animals/beagle/
125,https://a-z-animals.com/animals/beagle-shepherd/
126,https://a-z-animals.com/animals/beaglier/
127,https://a-z-animals.com/animals/beago/
128,https://a-z-animals.com/animals/bear/
129,https://a-z-animals.com/animals/bearded-collie/
130,https://a-z-animals.com/animals/bearded-dragon/
131,https://a-z-animals.com/animals/beaski/
132,https://a-z-animals.com/animals/beauceron/
133,https://a-z-animals.com/animals/beaver/
134,https://a-z-animals.com/animals/bedlington-terrier/
135,https://a-z-animals.com/animals/bee/
136,https://a-z-animals.com/animals/beefalo/
137,https://a-z-animals.com/animals/beetle/
138,https://a-z-animals.com/animals/belgian-shepherd/
139,https://a-z-animals.com/animals/belgian-tervuren/
140,https://a-z-animals.com/animals/beluga-sturgeon/
141,https://a-z-animals.com/animals/bengal-tiger/
142,https://a-z-animals.com/animals/bergamasco/
143,https://a-z-animals.com/animals/berger-picard/
144,https://a-z-animals.com/animals/bernedoodle/
145,https://a-z-animals.com/animals/bernese-mountain-dog/
146,https://a-z-animals.com/animals/bernese-shepherd/
147,https://a-z-animals.com/animals/bichir/
148,https://a-z-animals.com/animals/bichon-frise/
149,https://a-z-animals.com/animals/bichpoo/
150,https://a-z-animals.com/animals/biewer-terrier/
151,https://a-z-animals.com/animals/bighorn-sheep/
152,https://a-z-animals.com/animals/bilby/
153,https://a-z-animals.com/animals/binturong/
154,https://a-z-animals.com/animals/bird/
155,https://a-z-animals.com/animals/birds-of-paradise/
156,https://a-z-animals.com/animals/birman/
157,https://a-z-animals.com/animals/bison/
158,https://a-z-animals.com/animals/black-and-tan-coonhound/
159,https://a-z-animals.com/animals/black-marlin/
160,https://a-z-animals.com/animals/black-rhinoceros/
161,https://a-z-animals.com/animals/black-russian-terrier/
162,https://a-z-animals.com/animals/black-wasp/
163,https://a-z-animals.com/animals/black-widow-spider/
164,https://a-z-animals.com/animals/black-footed-ferret/
165,https://a-z-animals.com/animals/blister-beetle/
166,https://a-z-animals.com/animals/blobfish/
167,https://a-z-animals.com/animals/bloodhound/
168,https://a-z-animals.com/animals/blue-grosbeak/
169,https://a-z-animals.com/animals/blue-iguana/
170,https://a-z-animals.com/animals/blue-jay/
171,https://a-z-animals.com/animals/blue-lacy-dog/
172,https://a-z-animals.com/animals/blue-picardy-spaniel/
173,https://a-z-animals.com/animals/blue-shark/
174,https://a-z-animals.com/animals/blue-whale/
175,https://a-z-animals.com/animals/blue-ringed-octopus/
176,https://a-z-animals.com/animals/bluefin-tuna/
177,https://a-z-animals.com/animals/bluetick-coonhound/
178,https://a-z-animals.com/animals/bobcat/
179,https://a-z-animals.com/animals/bobolink/
180,https://a-z-animals.com/animals/boggle/
181,https://a-z-animals.com/animals/boglen-terrier/
182,https://a-z-animals.com/animals/bolognese-dog/
183,https://a-z-animals.com/animals/bombay/
184,https://a-z-animals.com/animals/bongo/
185,https://a-z-animals.com/animals/bonito-fish/
186,https://a-z-animals.com/animals/bonnethead-shark/
187,https://a-z-animals.com/animals/bonobo/
188,https://a-z-animals.com/animals/booby/
189,https://a-z-animals.com/animals/borador/
190,https://a-z-animals.com/animals/border-collie/
191,https://a-z-animals.com/animals/border-terrier/
192,https://a-z-animals.com/animals/bordoodle/
193,https://a-z-animals.com/animals/borkie/
194,https://a-z-animals.com/animals/bornean-orang-utan/
195,https://a-z-animals.com/animals/borneo-elephant/
196,https://a-z-animals.com/animals/boston-terrier/
197,https://a-z-animals.com/animals/bottlenose-dolphin/
198,https://a-z-animals.com/animals/bouvier-des-flandres/
199,https://a-z-animals.com/animals/bowfin/
200,https://a-z-animals.com/animals/bowhead-whale/
201,https://a-z-animals.com/animals/box-turtle/
202,https://a-z-animals.com/animals/boxador/
203,https://a-z-animals.com/animals/boxer-dog/
204,https://a-z-animals.com/animals/boxerdoodle/
205,https://a-z-animals.com/animals/boxsky/
206,https://a-z-animals.com/animals/boxweiler/
207,https://a-z-animals.com/animals/boykin-spaniel/
208,https://a-z-animals.com/animals/brazilian-terrier/
209,https://a-z-animals.com/animals/british-timber/
210,https://a-z-animals.com/animals/brittany/
211,https://a-z-animals.com/animals/brookesia-micra/
212,https://a-z-animals.com/animals/brown-bear/
213,https://a-z-animals.com/animals/brown-hyena/
214,https://a-z-animals.com/animals/brug/
215,https://a-z-animals.com/animals/brussels-griffon/
216,https://a-z-animals.com/animals/budgerigar/
217,https://a-z-animals.com/animals/buffalo/
218,https://a-z-animals.com/animals/bull-shark/
219,https://a-z-animals.com/animals/bull-terrier/
220,https://a-z-animals.com/animals/bulldog/
221,https://a-z-animals.com/animals/bullfrog/
222,https://a-z-animals.com/animals/bullmastiff/
223,https://a-z-animals.com/animals/bumble-bee/
224,https://a-z-animals.com/animals/burmese/
225,https://a-z-animals.com/animals/burmese-python/
226,https://a-z-animals.com/animals/burrowing-frog/
227,https://a-z-animals.com/animals/burrowing-owl/
228,https://a-z-animals.com/animals/bush-baby/
229,https://a-z-animals.com/animals/butterfly/
230,https://a-z-animals.com/animals/butterfly-fish/
231,https://a-z-animals.com/animals/cactus-mouse/
232,https://a-z-animals.com/animals/caecilian/
233,https://a-z-animals.com/animals/caiman/
234,https://a-z-animals.com/animals/caiman-lizard/
235,https://a-z-animals.com/animals/cairn-terrier/
236,https://a-z-animals.com/animals/camel/
237,https://a-z-animals.com/animals/camel-cricket/
238,https://a-z-animals.com/animals/camel-spider/
239,https://a-z-animals.com/animals/canaan-dog/
240,https://a-z-animals.com/animals/canada-lynx/
241,https://a-z-animals.com/animals/canadian-eskimo-dog/
242,https://a-z-animals.com/animals/canadian-horse/
243,https://a-z-animals.com/animals/cane-corso/
244,https://a-z-animals.com/animals/cape-lion/
245,https://a-z-animals.com/animals/capybara/
246,https://a-z-animals.com/animals/caracal/
247,https://a-z-animals.com/animals/caribou/
248,https://a-z-animals.com/animals/carolina-dog/
249,https://a-z-animals.com/animals/carolina-parakeet/
250,https://a-z-animals.com/animals/carp/
251,https://a-z-animals.com/animals/carpenter-ant/
252,https://a-z-animals.com/animals/cashmere-goat/
253,https://a-z-animals.com/animals/cassowary/
254,https://a-z-animals.com/animals/cat/
255,https://a-z-animals.com/animals/catahoula-leopard/
256,https://a-z-animals.com/animals/catalan-sheepdog/
257,https://a-z-animals.com/animals/caterpillar/
258,https://a-z-animals.com/animals/catfish/
259,https://a-z-animals.com/animals/cava-tzu/
260,https://a-z-animals.com/animals/cavador/
261,https://a-z-animals.com/animals/cavalier-king-charles-spaniel/
262,https://a-z-animals.com/animals/cavapoo/
263,https://a-z-animals.com/animals/centipede/
264,https://a-z-animals.com/animals/cesky-fousek/
265,https://a-z-animals.com/animals/cesky-terrier/
266,https://a-z-animals.com/animals/chameleon/
267,https://a-z-animals.com/animals/chamois/
268,https://a-z-animals.com/animals/chartreux/
269,https://a-z-animals.com/animals/cheagle/
270,https://a-z-animals.com/animals/cheetah/
271,https://a-z-animals.com/animals/chesapeake-bay-retriever/
272,https://a-z-animals.com/animals/chickadee/
273,https://a-z-animals.com/animals/chicken/
274,https://a-z-animals.com/animals/chihuahua/
275,https://a-z-animals.com/animals/chimaera/
276,https://a-z-animals.com/animals/chimpanzee/
277,https://a-z-animals.com/animals/chinchilla/
278,https://a-z-animals.com/animals/chinese-alligator/
279,https://a-z-animals.com/animals/chinese-crested-dog/
280,https://a-z-animals.com/animals/chinese-geese/
281,https://a-z-animals.com/animals/chinese-paddlefish/
282,https://a-z-animals.com/animals/chinese-shar-pei/
283,https://a-z-animals.com/animals/chinook/
284,https://a-z-animals.com/animals/chinstrap-penguin/
285,https://a-z-animals.com/animals/chipmunk/
286,https://a-z-animals.com/animals/chipoo/
287,https://a-z-animals.com/animals/chiweenie/
288,https://a-z-animals.com/animals/chorkie/
289,https://a-z-animals.com/animals/chow-chow/
290,https://a-z-animals.com/animals/chow-shepherd/
291,https://a-z-animals.com/animals/christmas-island-red-crab/
292,https://a-z-animals.com/animals/cicada/
293,https://a-z-animals.com/animals/cichlid/
294,https://a-z-animals.com/animals/clouded-leopard/
295,https://a-z-animals.com/animals/clownfish/
296,https://a-z-animals.com/animals/clumber-spaniel/
297,https://a-z-animals.com/animals/coati/
298,https://a-z-animals.com/animals/cockalier/
299,https://a-z-animals.com/animals/cockapoo/
300,https://a-z-animals.com/animals/cockatiel/
301,https://a-z-animals.com/animals/cockatoo/
302,https://a-z-animals.com/animals/cockroach/
303,https://a-z-animals.com/animals/codfish/
304,https://a-z-animals.com/animals/coelacanth/
305,https://a-z-animals.com/animals/collared-peccary/
306,https://a-z-animals.com/animals/collie/
307,https://a-z-animals.com/animals/colossal-squid/
308,https://a-z-animals.com/animals/common-buzzard/
309,https://a-z-animals.com/animals/common-frog/
310,https://a-z-animals.com/animals/common-house-spider/
311,https://a-z-animals.com/animals/common-loon/
312,https://a-z-animals.com/animals/common-raven/
313,https://a-z-animals.com/animals/common-toad/
314,https://a-z-animals.com/animals/cookiecutter-shark/
315,https://a-z-animals.com/animals/coopers-hawk/
316,https://a-z-animals.com/animals/coral/
317,https://a-z-animals.com/animals/corgidor/
318,https://a-z-animals.com/animals/corgipoo/
319,https://a-z-animals.com/animals/corkie/
320,https://a-z-animals.com/animals/corman-shepherd/
321,https://a-z-animals.com/animals/corn-rex-cat-cornish-rex/
322,https://a-z-animals.com/animals/coton-de-tulear/
323,https://a-z-animals.com/animals/cotton-top-tamarin/
324,https://a-z-animals.com/animals/cougar/
325,https://a-z-animals.com/animals/cow/
326,https://a-z-animals.com/animals/coyote/
327,https://a-z-animals.com/animals/crab/
328,https://a-z-animals.com/animals/crab-spider/
329,https://a-z-animals.com/animals/crab-eating-macaque/
330,https://a-z-animals.com/animals/crabeater-seal/
331,https://a-z-animals.com/animals/crane/
332,https://a-z-animals.com/animals/crappie-fish/
333,https://a-z-animals.com/animals/crested-penguin/
334,https://a-z-animals.com/animals/cricket/
335,https://a-z-animals.com/animals/crocodile/
336,https://a-z-animals.com/animals/cross-fox/
337,https://a-z-animals.com/animals/cross-river-gorilla/
338,https://a-z-animals.com/animals/cuckoo/
339,https://a-z-animals.com/animals/curly-coated-retriever/
340,https://a-z-animals.com/animals/cuscus/
341,https://a-z-animals.com/animals/cuttlefish/
342,https://a-z-animals.com/animals/czechoslovakian-wolfdog/
343,https://a-z-animals.com/animals/dachsador/
344,https://a-z-animals.com/animals/dachshund/
345,https://a-z-animals.com/animals/dalmadoodle/
346,https://a-z-animals.com/animals/dalmador/
347,https://a-z-animals.com/animals/dalmatian/
348,https://a-z-animals.com/animals/dapple-dachshund/
349,https://a-z-animals.com/animals/darwins-fox/
350,https://a-z-animals.com/animals/darwins-frog/
351,https://a-z-animals.com/animals/deer/
352,https://a-z-animals.com/animals/deer-head-chihuahua/
353,https://a-z-animals.com/animals/desert-locust/
354,https://a-z-animals.com/animals/desert-rain-frog/
355,https://a-z-animals.com/animals/desert-tortoise/
356,https://a-z-animals.com/animals/deutsche-bracke/
357,https://a-z-animals.com/animals/devon-rex/
358,https://a-z-animals.com/animals/dhole/
359,https://a-z-animals.com/animals/dik-dik/
360,https://a-z-animals.com/animals/dingo/
361,https://a-z-animals.com/animals/discus/
362,https://a-z-animals.com/animals/doberman-pinscher/
363,https://a-z-animals.com/animals/dodo/
364,https://a-z-animals.com/animals/dog/
365,https://a-z-animals.com/animals/dogo-argentino/
366,https://a-z-animals.com/animals/dogue-de-bordeaux/
367,https://a-z-animals.com/animals/dolphin/
368,https://a-z-animals.com/animals/donkey/
369,https://a-z-animals.com/animals/dorgi/
370,https://a-z-animals.com/animals/dorkie/
371,https://a-z-animals.com/animals/dormouse/
372,https://a-z-animals.com/animals/double-doodle/
373,https://a-z-animals.com/animals/douc/
374,https://a-z-animals.com/animals/doxiepoo/
375,https://a-z-animals.com/animals/doxle/
376,https://a-z-animals.com/animals/draco-volans/
377,https://a-z-animals.com/animals/dragonfish/
378,https://a-z-animals.com/animals/dragonfly/
379,https://a-z-animals.com/animals/drever/
380,https://a-z-animals.com/animals/drum-fish/
381,https://a-z-animals.com/animals/duck/
382,https://a-z-animals.com/animals/dugong/
383,https://a-z-animals.com/animals/dung-beetle/
384,https://a-z-animals.com/animals/dunker/
385,https://a-z-animals.com/animals/dusky-dolphin/
386,https://a-z-animals.com/animals/dwarf-crocodile/
387,https://a-z-animals.com/animals/eagle/
388,https://a-z-animals.com/animals/earthworm/
389,https://a-z-animals.com/animals/earwig/
390,https://a-z-animals.com/animals/eastern-bluebird/
391,https://a-z-animals.com/animals/eastern-fence-lizard/
392,https://a-z-animals.com/animals/eastern-gorilla/
393,https://a-z-animals.com/animals/eastern-lowland-gorilla/
394,https://a-z-animals.com/animals/eastern-phoebe/
395,https://a-z-animals.com/animals/echidna/
396,https://a-z-animals.com/animals/edible-frog/
397,https://a-z-animals.com/animals/eel/
398,https://a-z-animals.com/animals/egyptian-mau/
399,https://a-z-animals.com/animals/electric-eel/
400,https://a-z-animals.com/animals/elephant/
401,https://a-z-animals.com/animals/elephant-seal/
402,https://a-z-animals.com/animals/elephant-shrew/
403,https://a-z-animals.com/animals/elk/
404,https://a-z-animals.com/animals/emperor-penguin/
405,https://a-z-animals.com/animals/emperor-tamarin/
406,https://a-z-animals.com/animals/emu/
407,https://a-z-animals.com/animals/english-cocker-spaniel/
408,https://a-z-animals.com/animals/english-cream-golden-retriever/
409,https://a-z-animals.com/animals/english-foxhound/
410,https://a-z-animals.com/animals/english-pointer/
411,https://a-z-animals.com/animals/english-setter/
412,https://a-z-animals.com/animals/english-shepherd/
413,https://a-z-animals.com/animals/english-springer-spaniel/
414,https://a-z-animals.com/animals/entlebucher-mountain-dog/
415,https://a-z-animals.com/animals/epagneul-pont-audemer/
416,https://a-z-animals.com/animals/ermine/
417,https://a-z-animals.com/animals/eskimo-dog/
418,https://a-z-animals.com/animals/eskipoo/
419,https://a-z-animals.com/animals/estrela-mountain-dog/
420,https://a-z-animals.com/animals/falcon/
421,https://a-z-animals.com/animals/fallow-deer/
422,https://a-z-animals.com/animals/false-killer-whale/
423,https://a-z-animals.com/animals/false-widow-spider/
424,https://a-z-animals.com/animals/fangtooth/
425,https://a-z-animals.com/animals/feist/
426,https://a-z-animals.com/animals/fennec-fox/
427,https://a-z-animals.com/animals/ferret/
428,https://a-z-animals.com/animals/ferruginous-hawk/
429,https://a-z-animals.com/animals/fiddler-crab/
430,https://a-z-animals.com/animals/field-spaniel/
431,https://a-z-animals.com/animals/fila-brasileiro/
432,https://a-z-animals.com/animals/fin-whale/
433,https://a-z-animals.com/animals/finnish-spitz/
434,https://a-z-animals.com/animals/fire-salamander/
435,https://a-z-animals.com/animals/fire-bellied-toad/
436,https://a-z-animals.com/animals/fish/
437,https://a-z-animals.com/animals/fisher-cat/
438,https://a-z-animals.com/animals/fishing-cat/
439,https://a-z-animals.com/animals/flamingo/
440,https://a-z-animals.com/animals/flat-coated-retriever/
441,https://a-z-animals.com/animals/flea/
442,https://a-z-animals.com/animals/florida-gar/
443,https://a-z-animals.com/animals/florida-panther/
444,https://a-z-animals.com/animals/flounder/
445,https://a-z-animals.com/animals/flowerhorn-fish/
446,https://a-z-animals.com/animals/fluke-fish/
447,https://a-z-animals.com/animals/fly/
448,https://a-z-animals.com/animals/flying-fish/
449,https://a-z-animals.com/animals/flying-lemur/
450,https://a-z-animals.com/animals/flying-squirrel/
451,https://a-z-animals.com/animals/formosan-mountain-dog/
452,https://a-z-animals.com/animals/fossa/
453,https://a-z-animals.com/animals/fox/
454,https://a-z-animals.com/animals/fox-terrier/
455,https://a-z-animals.com/animals/french-bulldog/
456,https://a-z-animals.com/animals/frenchton/
457,https://a-z-animals.com/animals/frengle/
458,https://a-z-animals.com/animals/frigatebird/
459,https://a-z-animals.com/animals/frilled-lizard/
460,https://a-z-animals.com/animals/frilled-shark/
461,https://a-z-animals.com/animals/frog/
462,https://a-z-animals.com/animals/frogfish/
463,https://a-z-animals.com/animals/fruit-bat/
464,https://a-z-animals.com/animals/fur-seal/
465,https://a-z-animals.com/animals/galapagos-penguin/
466,https://a-z-animals.com/animals/galapagos-tortoise/
467,https://a-z-animals.com/animals/gar/
468,https://a-z-animals.com/animals/garden-eel/
469,https://a-z-animals.com/animals/gecko/
470,https://a-z-animals.com/animals/genet/
471,https://a-z-animals.com/animals/gentoo-penguin/
472,https://a-z-animals.com/animals/geoffroys-tamarin/
473,https://a-z-animals.com/animals/gerberian-shepsky/
474,https://a-z-animals.com/animals/gerbil/
475,https://a-z-animals.com/animals/german-pinscher/
476,https://a-z-animals.com/animals/german-shepherd/
477,https://a-z-animals.com/animals/german-sheppit/
478,https://a-z-animals.com/animals/german-sheprador/
479,https://a-z-animals.com/animals/german-shorthaired-pointer/
480,https://a-z-animals.com/animals/german-spitz/
481,https://a-z-animals.com/animals/gharial/
482,https://a-z-animals.com/animals/ghost-crab/
483,https://a-z-animals.com/animals/giant-african-land-snail/
484,https://a-z-animals.com/animals/giant-armadillo/
485,https://a-z-animals.com/animals/giant-clam/
486,https://a-z-animals.com/animals/giant-panda-bear/
487,https://a-z-animals.com/animals/giant-salamander/
488,https://a-z-animals.com/animals/giant-schnauzer/
489,https://a-z-animals.com/animals/giant-schnoodle/
490,https://a-z-animals.com/animals/gibbon/
491,https://a-z-animals.com/animals/gila-monster/
492,https://a-z-animals.com/animals/giraffe/
493,https://a-z-animals.com/animals/glass-frog/
494,https://a-z-animals.com/animals/glass-lizard/
495,https://a-z-animals.com/animals/glechon/
496,https://a-z-animals.com/animals/glen-of-imaal-terrier/
497,https://a-z-animals.com/animals/glow-worm/
498,https://a-z-animals.com/animals/goat/
499,https://a-z-animals.com/animals/goberian/
500,https://a-z-animals.com/animals/goblin-sharks/
501,https://a-z-animals.com/animals/goldador/
502,https://a-z-animals.com/animals/golden-dox/
503,https://a-z-animals.com/animals/golden-lion-tamarin/
504,https://a-z-animals.com/animals/golden-masked-owl/
505,https://a-z-animals.com/animals/golden-newfie/
506,https://a-z-animals.com/animals/golden-oriole/
507,https://a-z-animals.com/animals/golden-pyrenees/
508,https://a-z-animals.com/animals/golden-retriever/
509,https://a-z-animals.com/animals/golden-saint/
510,https://a-z-animals.com/animals/golden-shepherd/
511,https://a-z-animals.com/animals/golden-crowned-flying-fox/
512,https://a-z-animals.com/animals/goldendoodle/
513,https://a-z-animals.com/animals/goliath-frog/
514,https://a-z-animals.com/animals/goose/
515,https://a-z-animals.com/animals/gopher/
516,https://a-z-animals.com/animals/gopher-tortoise/
517,https://a-z-animals.com/animals/gordon-setter/
518,https://a-z-animals.com/animals/gorilla/
519,https://a-z-animals.com/animals/gouldian-finch/
520,https://a-z-animals.com/animals/grasshopper/
521,https://a-z-animals.com/animals/grasshopper-mouse/
522,https://a-z-animals.com/animals/gray-fox/
523,https://a-z-animals.com/animals/gray-tree-frog/
524,https://a-z-animals.com/animals/great-blue-heron/
525,https://a-z-animals.com/animals/great-crested-flycatcher/
526,https://a-z-animals.com/animals/great-dane/
527,https://a-z-animals.com/animals/great-danoodle/
528,https://a-z-animals.com/animals/great-pyrenees/
529,https://a-z-animals.com/animals/great-white-shark/
530,https://a-z-animals.com/animals/greater-swiss-mountain-dog/
531,https://a-z-animals.com/animals/green-anole/
532,https://a-z-animals.com/animals/green-bee-eater/
533,https://a-z-animals.com/animals/green-frog/
534,https://a-z-animals.com/animals/green-tree-frog/
535,https://a-z-animals.com/animals/greenland-dog/
536,https://a-z-animals.com/animals/greenland-shark/
537,https://a-z-animals.com/animals/grey-mouse-lemur/
538,https://a-z-animals.com/animals/grey-reef-shark/
539,https://a-z-animals.com/animals/grey-seal/
540,https://a-z-animals.com/animals/greyhound/
541,https://a-z-animals.com/animals/griffonshire/
542,https://a-z-animals.com/animals/grizzly-bear/
543,https://a-z-animals.com/animals/groenendael/
544,https://a-z-animals.com/animals/groundhog-woodchuck/
545,https://a-z-animals.com/animals/grouse/
546,https://a-z-animals.com/animals/guinea-fowl/
547,https://a-z-animals.com/animals/guinea-pig/
548,https://a-z-animals.com/animals/guppy/
549,https://a-z-animals.com/animals/haddock/
550,https://a-z-animals.com/animals/hagfish/
551,https://a-z-animals.com/animals/hammerhead-shark/
552,https://a-z-animals.com/animals/hamster/
553,https://a-z-animals.com/animals/harbor-seal/
554,https://a-z-animals.com/animals/hardhead-catfish/
555,https://a-z-animals.com/animals/hare/
556,https://a-z-animals.com/animals/harp-seal/
557,https://a-z-animals.com/animals/harpy-eagle/
558,https://a-z-animals.com/animals/harrier/
559,https://a-z-animals.com/animals/havanese/
560,https://a-z-animals.com/animals/havapoo/
561,https://a-z-animals.com/animals/havashire/
562,https://a-z-animals.com/animals/hawaiian-crow/
563,https://a-z-animals.com/animals/hawaiian-monk-seal/
564,https://a-z-animals.com/animals/hedgehog/
565,https://a-z-animals.com/animals/hercules-beetle/
566,https://a-z-animals.com/animals/hermit-crab/
567,https://a-z-animals.com/animals/heron/
568,https://a-z-animals.com/animals/herring/
569,https://a-z-animals.com/animals/highland-cattle/
570,https://a-z-animals.com/animals/himalayan/
571,https://a-z-animals.com/animals/hippopotamus/
572,https://a-z-animals.com/animals/hoary-bat/
573,https://a-z-animals.com/animals/hokkaido/
574,https://a-z-animals.com/animals/honduran-white-bat/
575,https://a-z-animals.com/animals/honey-badger/
576,https://a-z-animals.com/animals/honey-bee/
577,https://a-z-animals.com/animals/hooded-seal/
578,https://a-z-animals.com/animals/hoopoe/
579,https://a-z-animals.com/animals/horgi/
580,https://a-z-animals.com/animals/horn-shark/
581,https://a-z-animals.com/animals/hornbill/
582,https://a-z-animals.com/animals/horned-frog/
583,https://a-z-animals.com/animals/horned-lizard/
584,https://a-z-animals.com/animals/horse/
585,https://a-z-animals.com/animals/horsefly/
586,https://a-z-animals.com/animals/horseshoe-crab/
587,https://a-z-animals.com/animals/house-finch/
588,https://a-z-animals.com/animals/house-wren/
589,https://a-z-animals.com/animals/housefly/
590,https://a-z-animals.com/animals/howler-monkey/
591,https://a-z-animals.com/animals/human/
592,https://a-z-animals.com/animals/humboldt-penguin/
593,https://a-z-animals.com/animals/humboldt-squid/
594,https://a-z-animals.com/animals/hummingbird/
595,https://a-z-animals.com/animals/humpback-whale/
596,https://a-z-animals.com/animals/huntaway/
597,https://a-z-animals.com/animals/huntsman-spider/
598,https://a-z-animals.com/animals/huskador/
599,https://a-z-animals.com/animals/huskita/
600,https://a-z-animals.com/animals/husky-jack/
601,https://a-z-animals.com/animals/huskydoodle/
602,https://a-z-animals.com/animals/hyena/
603,https://a-z-animals.com/animals/ibex/
604,https://a-z-animals.com/animals/ibis/
605,https://a-z-animals.com/animals/ibizan-hound/
606,https://a-z-animals.com/animals/icelandic-sheepdog/
607,https://a-z-animals.com/animals/iguana/
608,https://a-z-animals.com/animals/immortal-jellyfish/
609,https://a-z-animals.com/animals/impala/
610,https://a-z-animals.com/animals/imperial-moth/
611,https://a-z-animals.com/animals/indian-elephant/
612,https://a-z-animals.com/animals/indian-giant-squirrel/
613,https://a-z-animals.com/animals/indian-palm-squirrel/
614,https://a-z-animals.com/animals/indian-rhinoceros/
615,https://a-z-animals.com/animals/indian-star-tortoise/
616,https://a-z-animals.com/animals/indochinese-tiger/
617,https://a-z-animals.com/animals/indri/
618,https://a-z-animals.com/animals/insects/
619,https://a-z-animals.com/animals/irish-doodle/
620,https://a-z-animals.com/animals/irish-setter/
621,https://a-z-animals.com/animals/irish-terrier/
622,https://a-z-animals.com/animals/irish-water-spaniel/
623,https://a-z-animals.com/animals/irish-wolfhound/
624,https://a-z-animals.com/animals/italian-greyhound/
625,https://a-z-animals.com/animals/ivory-billed-woodpecker/
626,https://a-z-animals.com/animals/jacana/
627,https://a-z-animals.com/animals/jack-russell/
628,https://a-z-animals.com/animals/jackabee/
629,https://a-z-animals.com/animals/jackal/
630,https://a-z-animals.com/animals/jackdaw/
631,https://a-z-animals.com/animals/jacksons-chameleon/
632,https://a-z-animals.com/animals/jaguar/
633,https://a-z-animals.com/animals/jaguarundi-cat/
634,https://a-z-animals.com/animals/japanese-beetle/
635,https://a-z-animals.com/animals/japanese-chin/
636,https://a-z-animals.com/animals/japanese-macaque/
637,https://a-z-animals.com/animals/japanese-spitz/
638,https://a-z-animals.com/animals/japanese-squirrel/
639,https://a-z-animals.com/animals/japanese-terrier/
640,https://a-z-animals.com/animals/javan-rhinoceros/
641,https://a-z-animals.com/animals/javanese/
642,https://a-z-animals.com/animals/jellyfish/
643,https://a-z-animals.com/animals/jerboa/
644,https://a-z-animals.com/animals/joro-spider/
645,https://a-z-animals.com/animals/kai-ken/
646,https://a-z-animals.com/animals/kakapo/
647,https://a-z-animals.com/animals/kangal/
648,https://a-z-animals.com/animals/kangaroo/
649,https://a-z-animals.com/animals/kangaroo-rat/
650,https://a-z-animals.com/animals/keel-billed-toucan/
651,https://a-z-animals.com/animals/keeshond/
652,https://a-z-animals.com/animals/kerry-blue-terrier/
653,https://a-z-animals.com/animals/key-deer/
654,https://a-z-animals.com/animals/kiko-goat/
655,https://a-z-animals.com/animals/killer-whale/
656,https://a-z-animals.com/animals/kinder-goat/
657,https://a-z-animals.com/animals/king-cobra/
658,https://a-z-animals.com/animals/king-crab/
659,https://a-z-animals.com/animals/king-penguin/
660,https://a-z-animals.com/animals/king-shepherd/
661,https://a-z-animals.com/animals/kingfisher/
662,https://a-z-animals.com/animals/kinkajou/
663,https://a-z-animals.com/animals/kishu/
664,https://a-z-animals.com/animals/kiwi/
665,https://a-z-animals.com/animals/koala/
666,https://a-z-animals.com/animals/kodkod/
667,https://a-z-animals.com/animals/koi-fish/
668,https://a-z-animals.com/animals/komodo-dragon/
669,https://a-z-animals.com/animals/kooikerhondje/
670,https://a-z-animals.com/animals/kookaburra/
671,https://a-z-animals.com/animals/koolie/
672,https://a-z-animals.com/animals/krill/
673,https://a-z-animals.com/animals/kudu/
674,https://a-z-animals.com/animals/kuvasz/
675,https://a-z-animals.com/animals/labahoula/
676,https://a-z-animals.com/animals/labmaraner/
677,https://a-z-animals.com/animals/labradane/
678,https://a-z-animals.com/animals/labradoodle/
679,https://a-z-animals.com/animals/labrador-retriever/
680,https://a-z-animals.com/animals/labraheeler/
681,https://a-z-animals.com/animals/ladybug/
682,https://a-z-animals.com/animals/lakeland-terrier/
683,https://a-z-animals.com/animals/lamancha-goat/
684,https://a-z-animals.com/animals/lamprey/
685,https://a-z-animals.com/animals/lancashire-heeler/
686,https://a-z-animals.com/animals/lapponian-herder/
687,https://a-z-animals.com/animals/leaf-tailed-gecko/
688,https://a-z-animals.com/animals/lemming/
689,https://a-z-animals.com/animals/lemur/
690,https://a-z-animals.com/animals/leonberger/
691,https://a-z-animals.com/animals/leopard/
692,https://a-z-animals.com/animals/leopard-cat/
693,https://a-z-animals.com/animals/leopard-frog/
694,https://a-z-animals.com/animals/leopard-gecko/
695,https://a-z-animals.com/animals/leopard-seal/
696,https://a-z-animals.com/animals/leopard-tortoise/
697,https://a-z-animals.com/animals/lhasa-apso/
698,https://a-z-animals.com/animals/lhasapoo/
699,https://a-z-animals.com/animals/liger/
700,https://a-z-animals.com/animals/lion/
701,https://a-z-animals.com/animals/lions-mane-jellyfish/
702,https://a-z-animals.com/animals/lionfish/
703,https://a-z-animals.com/animals/little-brown-bat/
704,https://a-z-animals.com/animals/little-penguin/
705,https://a-z-animals.com/animals/lizard/
706,https://a-z-animals.com/animals/llama/
707,https://a-z-animals.com/animals/loach/
708,https://a-z-animals.com/animals/lobster/
709,https://a-z-animals.com/animals/locust/
710,https://a-z-animals.com/animals/long-eared-owl/
711,https://a-z-animals.com/animals/long-haired-rottweiler/
712,https://a-z-animals.com/animals/longnose-gar/
713,https://a-z-animals.com/animals/lorikeet/
714,https://a-z-animals.com/animals/lowchen/
715,https://a-z-animals.com/animals/lungfish/
716,https://a-z-animals.com/animals/lynx/
717,https://a-z-animals.com/animals/lyrebird/
718,https://a-z-animals.com/animals/macaroni-penguin/
719,https://a-z-animals.com/animals/macaw/
720,https://a-z-animals.com/animals/mackenzie-wolf/
721,https://a-z-animals.com/animals/magellanic-penguin/
722,https://a-z-animals.com/animals/magpie/
723,https://a-z-animals.com/animals/maine-coon/
724,https://a-z-animals.com/animals/malayan-civet/
725,https://a-z-animals.com/animals/malayan-tiger/
726,https://a-z-animals.com/animals/mallard/
727,https://a-z-animals.com/animals/malteagle/
728,https://a-z-animals.com/animals/maltese/
729,https://a-z-animals.com/animals/maltese-shih-tzu/
730,https://a-z-animals.com/animals/maltipoo/
731,https://a-z-animals.com/animals/man-of-war-jellyfish/
732,https://a-z-animals.com/animals/manatee/
733,https://a-z-animals.com/animals/manchester-terrier/
734,https://a-z-animals.com/animals/mandrill/
735,https://a-z-animals.com/animals/maned-wolf/
736,https://a-z-animals.com/animals/manta-ray/
737,https://a-z-animals.com/animals/mantella-frog/
738,https://a-z-animals.com/animals/marabou-stork/
739,https://a-z-animals.com/animals/marble-fox/
740,https://a-z-animals.com/animals/marine-iguana/
741,https://a-z-animals.com/animals/marine-toad/
742,https://a-z-animals.com/animals/markhor/
743,https://a-z-animals.com/animals/marmot/
744,https://a-z-animals.com/animals/marsh-frog/
745,https://a-z-animals.com/animals/masked-palm-civet/
746,https://a-z-animals.com/animals/mastador/
747,https://a-z-animals.com/animals/mastiff/
748,https://a-z-animals.com/animals/mayfly/
749,https://a-z-animals.com/animals/meagle/
750,https://a-z-animals.com/animals/mealybug/
751,https://a-z-animals.com/animals/meerkat/
752,https://a-z-animals.com/animals/megalodon-shark/
753,https://a-z-animals.com/animals/megamouth-shark/
754,https://a-z-animals.com/animals/mekong-giant-catfish/
755,https://a-z-animals.com/animals/mexican-alligator-lizard/
756,https://a-z-animals.com/animals/mexican-free-tailed-bat/
757,https://a-z-animals.com/animals/mexican-mole-lizard/
758,https://a-z-animals.com/animals/miki/
759,https://a-z-animals.com/animals/milkfish/
760,https://a-z-animals.com/animals/millipede/
761,https://a-z-animals.com/animals/mini-labradoodle/
762,https://a-z-animals.com/animals/miniature-bull-terrier/
763,https://a-z-animals.com/animals/miniature-husky/
764,https://a-z-animals.com/animals/miniature-pinscher/
765,https://a-z-animals.com/animals/mink/
766,https://a-z-animals.com/animals/minke-whale/
767,https://a-z-animals.com/animals/mississippi-kite/
768,https://a-z-animals.com/animals/mole/
769,https://a-z-animals.com/animals/mole-cricket/
770,https://a-z-animals.com/animals/molly/
771,https://a-z-animals.com/animals/monarch-butterfly/
772,https://a-z-animals.com/animals/mongoose/
773,https://a-z-animals.com/animals/mongrel/
774,https://a-z-animals.com/animals/monitor-lizard/
775,https://a-z-animals.com/animals/monkey/
776,https://a-z-animals.com/animals/monkfish/
777,https://a-z-animals.com/animals/monte-iberia-eleuth/
778,https://a-z-animals.com/animals/moorhen/
779,https://a-z-animals.com/animals/moose/
780,https://a-z-animals.com/animals/moray-eel/
781,https://a-z-animals.com/animals/morkie/
782,https://a-z-animals.com/animals/moscow-watchdog/
783,https://a-z-animals.com/animals/mosquito/
784,https://a-z-animals.com/animals/moth/
785,https://a-z-animals.com/animals/mountain-bluebird/
786,https://a-z-animals.com/animals/mountain-cur/
787,https://a-z-animals.com/animals/mountain-feist/
788,https://a-z-animals.com/animals/mountain-gorilla/
789,https://a-z-animals.com/animals/mountain-lion/
790,https://a-z-animals.com/animals/mourning-dove/
791,https://a-z-animals.com/animals/mouse/
792,https://a-z-animals.com/animals/mudi/
793,https://a-z-animals.com/animals/mudpuppy/
794,https://a-z-animals.com/animals/mule/
795,https://a-z-animals.com/animals/muntjac/
796,https://a-z-animals.com/animals/muskox/
797,https://a-z-animals.com/animals/muskrat/
798,https://a-z-animals.com/animals/myna-bird/
799,https://a-z-animals.com/animals/naked-mole-rat/
800,https://a-z-animals.com/animals/narwhal/
801,https://a-z-animals.com/animals/neanderthal/
802,https://a-z-animals.com/animals/neapolitan-mastiff/
803,https://a-z-animals.com/animals/nebelung/
804,https://a-z-animals.com/animals/newfoundland/
805,https://a-z-animals.com/animals/newfypoo/
806,https://a-z-animals.com/animals/newt/
807,https://a-z-animals.com/animals/nigerian-goat/
808,https://a-z-animals.com/animals/nightingale/
809,https://a-z-animals.com/animals/nile-crocodile/
810,https://a-z-animals.com/animals/no-see-ums/
811,https://a-z-animals.com/animals/norfolk-terrier/
812,https://a-z-animals.com/animals/north-american-black-bear/
813,https://a-z-animals.com/animals/northern-alligator-lizard/
814,https://a-z-animals.com/animals/northern-cardinal/
815,https://a-z-animals.com/animals/northern-fur-seal/
816,https://a-z-animals.com/animals/northern-inuit-dog/
817,https://a-z-animals.com/animals/norwegian-buhund/
818,https://a-z-animals.com/animals/norwegian-elkhound/
819,https://a-z-animals.com/animals/norwegian-forest/
820,https://a-z-animals.com/animals/norwegian-lundehund/
821,https://a-z-animals.com/animals/norwichterrier/
822,https://a-z-animals.com/animals/nova-scotia-duck-tolling-retriever/
823,https://a-z-animals.com/animals/nubian-goat/
824,https://a-z-animals.com/animals/numbat/
825,https://a-z-animals.com/animals/nurse-shark/
826,https://a-z-animals.com/animals/ocelot/
827,https://a-z-animals.com/animals/octopus/
828,https://a-z-animals.com/animals/okapi/
829,https://a-z-animals.com/animals/old-english-sheepdog/
830,https://a-z-animals.com/animals/olm/
831,https://a-z-animals.com/animals/opossum/
832,https://a-z-animals.com/animals/orang-utan/
833,https://a-z-animals.com/animals/orb-weaver/
834,https://a-z-animals.com/animals/oscar-fish/
835,https://a-z-animals.com/animals/ostrich/
836,https://a-z-animals.com/animals/otter/
837,https://a-z-animals.com/animals/otterhound/
838,https://a-z-animals.com/animals/oyster/
839,https://a-z-animals.com/animals/oyster-toadfish/
840,https://a-z-animals.com/animals/paddlefish/
841,https://a-z-animals.com/animals/pademelon/
842,https://a-z-animals.com/animals/painted-turtle/
843,https://a-z-animals.com/animals/pangolin/
844,https://a-z-animals.com/animals/panther/
845,https://a-z-animals.com/animals/papillon/
846,https://a-z-animals.com/animals/parakeet/
847,https://a-z-animals.com/animals/parrot/
848,https://a-z-animals.com/animals/parrotlet/
849,https://a-z-animals.com/animals/parson-russell-terrier/
850,https://a-z-animals.com/animals/patas-monkey/
851,https://a-z-animals.com/animals/patterdale-terrier/
852,https://a-z-animals.com/animals/peacock/
853,https://a-z-animals.com/animals/peacock-butterfly/
854,https://a-z-animals.com/animals/peacock-spider/
855,https://a-z-animals.com/animals/peagle/
856,https://a-z-animals.com/animals/peekapoo/
857,https://a-z-animals.com/animals/pekingese/
858,https://a-z-animals.com/animals/pelican/
859,https://a-z-animals.com/animals/pembroke-welsh-corgi/
860,https://a-z-animals.com/animals/penguin/
861,https://a-z-animals.com/animals/pere-davids-deer/
862,https://a-z-animals.com/animals/peregrine-falcon/
863,https://a-z-animals.com/animals/perro-de-presa-canario/
864,https://a-z-animals.com/animals/persian/
865,https://a-z-animals.com/animals/peruvian-inca-orchid/
866,https://a-z-animals.com/animals/petit-basset-griffon-vendeen/
867,https://a-z-animals.com/animals/petite-goldendoodle/
868,https://a-z-animals.com/animals/pheasant/
869,https://a-z-animals.com/animals/pied-tamarin/
870,https://a-z-animals.com/animals/pig/
871,https://a-z-animals.com/animals/pigeon/
872,https://a-z-animals.com/animals/pika/
873,https://a-z-animals.com/animals/pike-fish/
874,https://a-z-animals.com/animals/pileated-woodpecker/
875,https://a-z-animals.com/animals/pine-marten/
876,https://a-z-animals.com/animals/pink-fairy-armadillo/
877,https://a-z-animals.com/animals/piranha/
878,https://a-z-animals.com/animals/pitador/
879,https://a-z-animals.com/animals/pitsky/
880,https://a-z-animals.com/animals/platypus/
881,https://a-z-animals.com/animals/pocket-beagle/
882,https://a-z-animals.com/animals/pocket-pitbull/
883,https://a-z-animals.com/animals/pointer/
884,https://a-z-animals.com/animals/poison-dart-frog/
885,https://a-z-animals.com/animals/polar-bear/
886,https://a-z-animals.com/animals/polish-lowland-sheepdog/
887,https://a-z-animals.com/animals/polyphemus-moth/
888,https://a-z-animals.com/animals/pomapoo/
889,https://a-z-animals.com/animals/pomchi/
890,https://a-z-animals.com/animals/pomeagle/
891,https://a-z-animals.com/animals/pomeranian/
892,https://a-z-animals.com/animals/pomsky/
893,https://a-z-animals.com/animals/pond-skater/
894,https://a-z-animals.com/animals/poochon/
895,https://a-z-animals.com/animals/poodle/
896,https://a-z-animals.com/animals/poogle/
897,https://a-z-animals.com/animals/pool-frog/
898,https://a-z-animals.com/animals/porbeagle-shark/
899,https://a-z-animals.com/animals/porcupine/
900,https://a-z-animals.com/animals/porpoise/
901,https://a-z-animals.com/animals/possum/
902,https://a-z-animals.com/animals/potoroo/
903,https://a-z-animals.com/animals/prairie-dog/
904,https://a-z-animals.com/animals/prairie-rattlesnake/
905,https://a-z-animals.com/animals/prawn/
906,https://a-z-animals.com/animals/proboscis-monkey/
907,https://a-z-animals.com/animals/pronghorn/
908,https://a-z-animals.com/animals/pudelpointer/
909,https://a-z-animals.com/animals/pufferfish/
910,https://a-z-animals.com/animals/puffin/
911,https://a-z-animals.com/animals/pug/
912,https://a-z-animals.com/animals/pugapoo/
913,https://a-z-animals.com/animals/puggle/
914,https://a-z-animals.com/animals/pugshire/
915,https://a-z-animals.com/animals/puma/
916,https://a-z-animals.com/animals/pumi/
917,https://a-z-animals.com/animals/purple-emperor/
918,https://a-z-animals.com/animals/purple-finch/
919,https://a-z-animals.com/animals/puss-moth/
920,https://a-z-animals.com/animals/pygmy-hippopotamus/
921,https://a-z-animals.com/animals/pygmy-marmoset/
922,https://a-z-animals.com/animals/pygora-goat/
923,https://a-z-animals.com/animals/pyrador/
924,https://a-z-animals.com/animals/pyredoodle/
925,https://a-z-animals.com/animals/quagga/
926,https://a-z-animals.com/animals/quail/
927,https://a-z-animals.com/animals/quetzal/
928,https://a-z-animals.com/animals/quokka/
929,https://a-z-animals.com/animals/quoll/
930,https://a-z-animals.com/animals/rabbit/
931,https://a-z-animals.com/animals/raccoon/
932,https://a-z-animals.com/animals/raccoon-dog/
933,https://a-z-animals.com/animals/radiated-tortoise/
934,https://a-z-animals.com/animals/ragamuffin/
935,https://a-z-animals.com/animals/ragdoll/
936,https://a-z-animals.com/animals/raggle/
937,https://a-z-animals.com/animals/rat/
938,https://a-z-animals.com/animals/rat-terrier/
939,https://a-z-animals.com/animals/rattlesnake/
940,https://a-z-animals.com/animals/red-finch/
941,https://a-z-animals.com/animals/red-fox/
942,https://a-z-animals.com/animals/red-knee-tarantula/
943,https://a-z-animals.com/animals/red-panda/
944,https://a-z-animals.com/animals/red-squirrel/
945,https://a-z-animals.com/animals/red-wolf/
946,https://a-z-animals.com/animals/red-handed-tamarin/
947,https://a-z-animals.com/animals/red-winged-blackbird/
948,https://a-z-animals.com/animals/redback-spider/
949,https://a-z-animals.com/animals/redbone-coonhound/
950,https://a-z-animals.com/animals/reef-shark/
951,https://a-z-animals.com/animals/reindeer/
952,https://a-z-animals.com/animals/rhinoceros/
953,https://a-z-animals.com/animals/river-turtle/
954,https://a-z-animals.com/animals/robin/
955,https://a-z-animals.com/animals/rock-crab/
956,https://a-z-animals.com/animals/rock-hyrax/
957,https://a-z-animals.com/animals/rockfish/
958,https://a-z-animals.com/animals/rockhopper-penguin/
959,https://a-z-animals.com/animals/rodents/
960,https://a-z-animals.com/animals/roe-deer/
961,https://a-z-animals.com/animals/rose-breasted-grosbeak/
962,https://a-z-animals.com/animals/roseate-spoonbill/
963,https://a-z-animals.com/animals/rottsky/
964,https://a-z-animals.com/animals/rottweiler/
965,https://a-z-animals.com/animals/royal-penguin/
966,https://a-z-animals.com/animals/ruby-throated-hummingbird/
967,https://a-z-animals.com/animals/russell-terrier/
968,https://a-z-animals.com/animals/russian-bear-dog/
969,https://a-z-animals.com/animals/russian-blue/
970,https://a-z-animals.com/animals/russian-tortoise/
971,https://a-z-animals.com/animals/saanen-goat/
972,https://a-z-animals.com/animals/saarloos-wolfdog/
973,https://a-z-animals.com/animals/saber-toothed-tiger/
974,https://a-z-animals.com/animals/sable/
975,https://a-z-animals.com/animals/sable-black-german-shepherd/
976,https://a-z-animals.com/animals/saiga/
977,https://a-z-animals.com/animals/saint-berdoodle/
978,https://a-z-animals.com/animals/saint-bernard/
979,https://a-z-animals.com/animals/saint-shepherd/
980,https://a-z-animals.com/animals/salamander/
981,https://a-z-animals.com/animals/salmon/
982,https://a-z-animals.com/animals/salmon-shark/
983,https://a-z-animals.com/animals/saluki/
984,https://a-z-animals.com/animals/samoyed/
985,https://a-z-animals.com/animals/sand-lizard/
986,https://a-z-animals.com/animals/sand-tiger-shark/
987,https://a-z-animals.com/animals/saola/
988,https://a-z-animals.com/animals/sardines/
989,https://a-z-animals.com/animals/satanic-leaf-tailed-gecko/
990,https://a-z-animals.com/animals/savanna-goat/
991,https://a-z-animals.com/animals/sawfish/
992,https://a-z-animals.com/animals/scarlet-macaw/
993,https://a-z-animals.com/animals/schipperke/
994,https://a-z-animals.com/animals/schneagle/
995,https://a-z-animals.com/animals/schnoodle/
996,https://a-z-animals.com/animals/scimitar-horned-oryx/
997,https://a-z-animals.com/animals/scorpion/
998,https://a-z-animals.com/animals/scorpion-fish/
999,https://a-z-animals.com/animals/scottish-terrier/
1000,https://a-z-animals.com/animals/scrotum-frog/
1001,https://a-z-animals.com/animals/sea-anemone/
1002,https://a-z-animals.com/animals/sea-dragon/
1003,https://a-z-animals.com/animals/sea-eagle/
1004,https://a-z-animals.com/animals/sea-lion/
1005,https://a-z-animals.com/animals/sea-otter/
1006,https://a-z-animals.com/animals/sea-slug/
1007,https://a-z-animals.com/animals/sea-squirt/
1008,https://a-z-animals.com/animals/sea-turtle/
1009,https://a-z-animals.com/animals/sea-urchin/
1010,https://a-z-animals.com/animals/seagull/
1011,https://a-z-animals.com/animals/seahorse/
1012,https://a-z-animals.com/animals/seal/
1013,https://a-z-animals.com/animals/sealyham-terrier/
1014,https://a-z-animals.com/animals/sei-whale/
1015,https://a-z-animals.com/animals/senegal-parrot/
1016,https://a-z-animals.com/animals/serval/
1017,https://a-z-animals.com/animals/shark/
1018,https://a-z-animals.com/animals/sharp-tailed-snake/
1019,https://a-z-animals.com/animals/sheep/
1020,https://a-z-animals.com/animals/sheepadoodle/
1021,https://a-z-animals.com/animals/shepadoodle/
1022,https://a-z-animals.com/animals/shepkita/
1023,https://a-z-animals.com/animals/shepweiler/
1024,https://a-z-animals.com/animals/shiba-inu/
1025,https://a-z-animals.com/animals/shih-poo/
1026,https://a-z-animals.com/animals/shih-tzu/
1027,https://a-z-animals.com/animals/shoebill-stork/
1028,https://a-z-animals.com/animals/shollie/
1029,https://a-z-animals.com/animals/shrimp/
1030,https://a-z-animals.com/animals/siamese/
1031,https://a-z-animals.com/animals/siamese-fighting-fish/
1032,https://a-z-animals.com/animals/siberian/
1033,https://a-z-animals.com/animals/siberian-husky/
1034,https://a-z-animals.com/animals/siberian-ibex/
1035,https://a-z-animals.com/animals/siberian-retriever/
1036,https://a-z-animals.com/animals/siberian-tiger/
1037,https://a-z-animals.com/animals/siberpoo/
1038,https://a-z-animals.com/animals/silkie-chicken/
1039,https://a-z-animals.com/animals/silky-terrier/
1040,https://a-z-animals.com/animals/silver-dollar/
1041,https://a-z-animals.com/animals/silver-labrador/
1042,https://a-z-animals.com/animals/sixgill-shark/
1043,https://a-z-animals.com/animals/skate-fish/
1044,https://a-z-animals.com/animals/skink-lizard/
1045,https://a-z-animals.com/animals/skipjack-tuna/
1046,https://a-z-animals.com/animals/skunk/
1047,https://a-z-animals.com/animals/skye-terrier/
1048,https://a-z-animals.com/animals/sleeper-shark/
1049,https://a-z-animals.com/animals/sloth/
1050,https://a-z-animals.com/animals/slow-worm/
1051,https://a-z-animals.com/animals/slug/
1052,https://a-z-animals.com/animals/smooth-fox-terrier/
1053,https://a-z-animals.com/animals/snail/
1054,https://a-z-animals.com/animals/snake/
1055,https://a-z-animals.com/animals/snapping-turtle/
1056,https://a-z-animals.com/animals/snorkie/
1057,https://a-z-animals.com/animals/snow-leopard/
1058,https://a-z-animals.com/animals/snowshoe/
1059,https://a-z-animals.com/animals/snowshoe-hare/
1060,https://a-z-animals.com/animals/snowy-owl/
1061,https://a-z-animals.com/animals/somali/
1062,https://a-z-animals.com/animals/song-sparrow/
1063,https://a-z-animals.com/animals/south-china-tiger/
1064,https://a-z-animals.com/animals/spadefoot-toad/
1065,https://a-z-animals.com/animals/spanador/
1066,https://a-z-animals.com/animals/spanish-goat/
1067,https://a-z-animals.com/animals/spanish-mastiff/
1068,https://a-z-animals.com/animals/sparrow/
1069,https://a-z-animals.com/animals/spectacled-bear/
1070,https://a-z-animals.com/animals/sperm-whale/
1071,https://a-z-animals.com/animals/spider-monkey/
1072,https://a-z-animals.com/animals/spider-wasp/
1073,https://a-z-animals.com/animals/spinner-shark/
1074,https://a-z-animals.com/animals/spinone-italiano/
1075,https://a-z-animals.com/animals/spiny-dogfish/
1076,https://a-z-animals.com/animals/spiny-hill-turtle/
1077,https://a-z-animals.com/animals/spixs-macaw/
1078,https://a-z-animals.com/animals/sponge/
1079,https://a-z-animals.com/animals/spotted-gar/
1080,https://a-z-animals.com/animals/spotted-lanternfly/
1081,https://a-z-animals.com/animals/springador/
1082,https://a-z-animals.com/animals/springbok/
1083,https://a-z-animals.com/animals/springerdoodle/
1084,https://a-z-animals.com/animals/squid/
1085,https://a-z-animals.com/animals/squirrel/
1086,https://a-z-animals.com/animals/squirrel-monkey/
1087,https://a-z-animals.com/animals/squirrelfish/
1088,https://a-z-animals.com/animals/sri-lankan-elephant/
1089,https://a-z-animals.com/animals/stabyhoun/
1090,https://a-z-animals.com/animals/staffordshire-bull-terrier/
1091,https://a-z-animals.com/animals/stag-beetle/
1092,https://a-z-animals.com/animals/standard-schnauzer/
1093,https://a-z-animals.com/animals/star-nosed-mole/
1094,https://a-z-animals.com/animals/starfish/
1095,https://a-z-animals.com/animals/stellers-sea-cow/
1096,https://a-z-animals.com/animals/stick-insect/
1097,https://a-z-animals.com/animals/stingray/
1098,https://a-z-animals.com/animals/stoat/
1099,https://a-z-animals.com/animals/stone-crab/
1100,https://a-z-animals.com/animals/stork/
1101,https://a-z-animals.com/animals/striped-hyena/
1102,https://a-z-animals.com/animals/striped-rocket-frog/
1103,https://a-z-animals.com/animals/sturgeon/
1104,https://a-z-animals.com/animals/sucker-fish/
1105,https://a-z-animals.com/animals/sugar-glider/
1106,https://a-z-animals.com/animals/sulcata-tortoise/
1107,https://a-z-animals.com/animals/sumatran-elephant/
1108,https://a-z-animals.com/animals/sumatran-orang-utan/
1109,https://a-z-animals.com/animals/sumatran-rhinoceros/
1110,https://a-z-animals.com/animals/sumatran-tiger/
1111,https://a-z-animals.com/animals/sun-bear/
1112,https://a-z-animals.com/animals/swai-fish/
1113,https://a-z-animals.com/animals/swan/
1114,https://a-z-animals.com/animals/swedish-vallhund/
1115,https://a-z-animals.com/animals/syrian-hamster/
1116,https://a-z-animals.com/animals/taco-terrier/
1117,https://a-z-animals.com/animals/takin/
1118,https://a-z-animals.com/animals/tamaskan/
1119,https://a-z-animals.com/animals/tang/
1120,https://a-z-animals.com/animals/tapanuli-orang-utan/
1121,https://a-z-animals.com/animals/tapir/
1122,https://a-z-animals.com/animals/tarantula-hawk/
1123,https://a-z-animals.com/animals/tarpon/
1124,https://a-z-animals.com/animals/tarsier/
1125,https://a-z-animals.com/animals/tasmanian-devil/
1126,https://a-z-animals.com/animals/tasmanian-tiger/
1127,https://a-z-animals.com/animals/tawny-owl/
1128,https://a-z-animals.com/animals/teddy-bear-hamster/
1129,https://a-z-animals.com/animals/teddy-roosevelt-terrier/
1130,https://a-z-animals.com/animals/tenterfield-terrier/
1131,https://a-z-animals.com/animals/termite/
1132,https://a-z-animals.com/animals/terrier/
1133,https://a-z-animals.com/animals/tetra/
1134,https://a-z-animals.com/animals/texas-heeler/
1135,https://a-z-animals.com/animals/thai-ridgeback/
1136,https://a-z-animals.com/animals/thorny-devil/
1137,https://a-z-animals.com/animals/thrush/
1138,https://a-z-animals.com/animals/tibetan-fox/
1139,https://a-z-animals.com/animals/tibetan-mastiff/
1140,https://a-z-animals.com/animals/tibetan-spaniel/
1141,https://a-z-animals.com/animals/tibetan-terrier/
1142,https://a-z-animals.com/animals/tiffany/
1143,https://a-z-animals.com/animals/tiger/
1144,https://a-z-animals.com/animals/tiger-beetle/
1145,https://a-z-animals.com/animals/tiger-moth/
1146,https://a-z-animals.com/animals/tiger-salamander/
1147,https://a-z-animals.com/animals/tiger-shark/
1148,https://a-z-animals.com/animals/toadfish/
1149,https://a-z-animals.com/animals/torkie/
1150,https://a-z-animals.com/animals/tortoise/
1151,https://a-z-animals.com/animals/toucan/
1152,https://a-z-animals.com/animals/toy-fox-terrier/
1153,https://a-z-animals.com/animals/toy-poodle/
1154,https://a-z-animals.com/animals/transylvanian-hound/
1155,https://a-z-animals.com/animals/tree-frog/
1156,https://a-z-animals.com/animals/tree-kangaroo/
1157,https://a-z-animals.com/animals/tree-swallow/
1158,https://a-z-animals.com/animals/treeing-tennessee-brindle/
1159,https://a-z-animals.com/animals/treeing-walker-coonhound/
1160,https://a-z-animals.com/animals/tropicbird/
1161,https://a-z-animals.com/animals/tsetse-fly/
1162,https://a-z-animals.com/animals/tuatara/
1163,https://a-z-animals.com/animals/tuna/
1164,https://a-z-animals.com/animals/turkey/
1165,https://a-z-animals.com/animals/turkish-angora/
1166,https://a-z-animals.com/animals/turtles/
1167,https://a-z-animals.com/animals/uakari/
1168,https://a-z-animals.com/animals/uguisu/
1169,https://a-z-animals.com/animals/umbrellabird/
1170,https://a-z-animals.com/animals/utonagan/
1171,https://a-z-animals.com/animals/vampire-bat/
1172,https://a-z-animals.com/animals/vampire-squid/
1173,https://a-z-animals.com/animals/vaquita/
1174,https://a-z-animals.com/animals/vervet-monkey/
1175,https://a-z-animals.com/animals/vinegaroon/
1176,https://a-z-animals.com/animals/virgin-islands-dwarf-gecko/
1177,https://a-z-animals.com/animals/vizsla/
1178,https://a-z-animals.com/animals/volpino-italiano/
1179,https://a-z-animals.com/animals/vulture/
1180,https://a-z-animals.com/animals/walking-catfish/
1181,https://a-z-animals.com/animals/wallaby/
1182,https://a-z-animals.com/animals/walleye-fish/
1183,https://a-z-animals.com/animals/walrus/
1184,https://a-z-animals.com/animals/wandering-albatross/
1185,https://a-z-animals.com/animals/warthog/
1186,https://a-z-animals.com/animals/wasp/
1187,https://a-z-animals.com/animals/water-buffalo/
1188,https://a-z-animals.com/animals/water-dragon/
1189,https://a-z-animals.com/animals/water-vole/
1190,https://a-z-animals.com/animals/weasel/
1191,https://a-z-animals.com/animals/weimaraner/
1192,https://a-z-animals.com/animals/weimardoodle/
1193,https://a-z-animals.com/animals/welsh-corgi/
1194,https://a-z-animals.com/animals/welsh-terrier/
1195,https://a-z-animals.com/animals/west-highland-terrier/
1196,https://a-z-animals.com/animals/western-gorilla/
1197,https://a-z-animals.com/animals/western-lowland-gorilla/
1198,https://a-z-animals.com/animals/westiepoo/
1199,https://a-z-animals.com/animals/whale-shark/
1200,https://a-z-animals.com/animals/wheaten-terrier/
1201,https://a-z-animals.com/animals/whippet/
1202,https://a-z-animals.com/animals/white-butterfly/
1203,https://a-z-animals.com/animals/white-rhinoceros/
1204,https://a-z-animals.com/animals/white-tiger/
1205,https://a-z-animals.com/animals/white-faced-capuchin/
1206,https://a-z-animals.com/animals/white-tail-deer/
1207,https://a-z-animals.com/animals/white-tailed-eagle/
1208,https://a-z-animals.com/animals/whoodle/
1209,https://a-z-animals.com/animals/whooping-crane/
1210,https://a-z-animals.com/animals/wild-boar/
1211,https://a-z-animals.com/animals/wildebeest/
1212,https://a-z-animals.com/animals/willow-warbler/
1213,https://a-z-animals.com/animals/wire-fox-terrier/
1214,https://a-z-animals.com/animals/wirehaired-pointing-griffon/
1215,https://a-z-animals.com/animals/wolf/
1216,https://a-z-animals.com/animals/wolf-eel/
1217,https://a-z-animals.com/animals/wolf-spider/
1218,https://a-z-animals.com/animals/wolffish/
1219,https://a-z-animals.com/animals/wolverine/
1220,https://a-z-animals.com/animals/wombat/
1221,https://a-z-animals.com/animals/wood-bison/
1222,https://a-z-animals.com/animals/wood-frog/
1223,https://a-z-animals.com/animals/wood-turtle/
1224,https://a-z-animals.com/animals/woodlouse/
1225,https://a-z-animals.com/animals/woodlouse-spider/
1226,https://a-z-animals.com/animals/woodpecker/
1227,https://a-z-animals.com/animals/woolly-mammoth/
1228,https://a-z-animals.com/animals/woolly-monkey/
1229,https://a-z-animals.com/animals/wrasse/
1230,https://a-z-animals.com/animals/writing-spider/
1231,https://a-z-animals.com/animals/wyoming-toad/
1232,https://a-z-animals.com/animals/x-ray-tetra/
1233,https://a-z-animals.com/animals/xerus/
1234,https://a-z-animals.com/animals/xoloitzcuintli/
1235,https://a-z-animals.com/animals/yak/
1236,https://a-z-animals.com/animals/yakutian-laika/
1237,https://a-z-animals.com/animals/yellow-sac-spider/
1238,https://a-z-animals.com/animals/yellow-eyed-penguin/
1239,https://a-z-animals.com/animals/yellowfin-tuna/
1240,https://a-z-animals.com/animals/yeti-crab/
1241,https://a-z-animals.com/animals/yoranian/
1242,https://a-z-animals.com/animals/yorkie-bichon/
1243,https://a-z-animals.com/animals/yorkie-poo/
1244,https://a-z-animals.com/animals/yorkshire-terrier/
1245,https://a-z-animals.com/animals/zebra/
1246,https://a-z-animals.com/animals/zebra-finch/
1247,https://a-z-animals.com/animals/zebra-mussels/
1248,https://a-z-animals.com/animals/zebra-pleco/
1249,https://a-z-animals.com/animals/zebra-shark/
1250,https://a-z-animals.com/animals/zebu/
1251,https://a-z-animals.com/animals/zonkey/
1252,https://a-z-animals.com/animals/zorse/
1253,https://a-z-animals.com/animals/zuchon/
